time,open,high,low,close,Buy Signal,Sell Signal,Volume,Volume MA
1313539200,10.9,11.85,10.9,11.69,NaN,NaN,2.4164864,NaN
1313798400,11.7,11.7,11.7,11.7,NaN,NaN,0.19957267,NaN
1314057600,11.5,11.5,10,10,NaN,NaN,3.45652174,NaN
1314576000,8,8,8,8,NaN,NaN,1,NaN
1314835200,8,8.88,5.25,8.88,NaN,NaN,244.24,NaN
1315094400,8.89,8.89,8,8,NaN,NaN,21.20022497,NaN
1315353600,8.5,8.5,7.4,7.4,NaN,NaN,9.86,NaN
1315872000,5.8,6,5,5.13,NaN,NaN,199.6581612,NaN
1316131200,4.82,4.92,4.8,4.92,NaN,NaN,160.0268068,NaN
1316390400,4.9,5.79,4.9,5.66,NaN,NaN,126.91003306,NaN
1316649600,5.68,5.76,5.68,5.68,NaN,NaN,155.04552552,NaN
1316908800,6.05,6.06,4.8,4.92,NaN,NaN,76.15296334,NaN
1317168000,4.9,4.91,4.81,4.82,NaN,NaN,130.0178258,NaN
1317427200,4.85,4.87,4.83,4.87,NaN,NaN,30.57595,NaN
1317686400,4.86,6.25,4.8,4.8,NaN,NaN,427.08517175,NaN
1317945600,4.8,4.81,3.89,3.89,NaN,NaN,161.64,NaN
1318204800,3.99,4.51,3.93,3.93,NaN,NaN,290.103525,NaN
1318464000,3.93,4.05,3.93,4.05,NaN,NaN,206.59927865999998,NaN
1318723200,3.92,3.92,3.92,3.92,NaN,NaN,10.24,NaN
1318982400,2.22,2.29,2.22,2.27,NaN,NaN,103.43567266,117.9931859785
1319241600,2.99,2.99,2.92,2.92,NaN,NaN,64.54,121.09936165849999
1319500800,2.66,3,2.66,2.69,NaN,NaN,398.56829636,141.01779784299998
1319760000,3.07,4.4,3.07,3.5,NaN,NaN,323.19169266,157.00455638900002
1320019200,3.25,3.55,3.2,3.33,NaN,NaN,107.77116368,162.343114573
1320278400,3.27,3.55,3,3,NaN,NaN,220.59303867,161.1607665065
1320537600,2.95,3.08,2.95,3.08,NaN,NaN,250.86012389,172.64376145250003
1320796800,3.09,3.3,2.95,3.3,NaN,NaN,245.96229329,184.44887611700003
1321056000,3.35,3.35,2.47,2.47,NaN,NaN,215.67955224000002,185.24994566900006
1321315200,2.99,3,2.5,2.99,NaN,NaN,119.97690723,183.24745069050005
1321574400,2.5,2.79,2.37,2.37,NaN,NaN,148.31212355,184.31755521500003
1321833600,2.45,3,2.25,2.59,NaN,NaN,619.0201217599999,207.516285027
1322092800,2.54,15,2.5,2.77,NaN,NaN,199.02212749999998,213.65974323500004
1322352000,2.67,3.23,2.66,2.72,NaN,NaN,242.8317978,219.30044183500004
1322611200,3.19,3.48,3.04,3.04,NaN,NaN,380.07625865,236.77545726750003
1322870400,2.93,2.99,2.82,2.93,NaN,NaN,207.8632656,225.81436196000004
1323129600,2.9,3.5,2.89,3.3,NaN,NaN,565.0362162900001,245.98417277450002
1323388800,3.2,3.37,3,3.27,NaN,NaN,170.06326984,239.98216001650007
1323648000,3.37,3.6,3.25,3.47,NaN,NaN,232.53426087,241.27890912700008
1323907200,3.39,3.5,3.25,3.44,NaN,NaN,187.35502997999998,250.13466062600008
1324166400,3.25,4.75,3.25,4.55,NaN,NaN,246.72050249,257.2989021175001
1324425600,4.38,4.38,3.84,4.22,NaN,NaN,178.92736965,263.01827060000016
1324684800,4.33,4.33,4.27,4.33,NaN,NaN,108.14382282,248.49704692300014
1324944000,4.33,4.5,4.25,4.5,NaN,NaN,130.18494614999997,238.84670959750014
1325203200,4.26,4.58,4.21,4.58,NaN,NaN,152.05792779,241.06104780300012
1325376000,4.58,5.32,4.58,5.29,NaN,NaN,128.68728092,236.46575991550012
1325635200,4.93,6.9,4.93,6,NaN,NaN,235.9178362,235.71864553100013
1325894400,6.8,7,6.23,6.3,NaN,NaN,72.16518089,227.0287899110001
1326153600,6.24,7.38,6.24,6.51,NaN,NaN,249.95054601,228.7423395995001
1326412800,6.8,7.36,6.3,7.15,NaN,NaN,82.50544554,226.86876651500015
1326672000,6.2,7.1,5.99,7.1,NaN,NaN,226.61007313,230.78366399400016
1326931200,5.52,7,5.52,6.77,NaN,NaN,423.95566999,221.0304414055002
1327190400,6.79,6.83,6,6.55,NaN,NaN,261.63790359,224.16123021000016
1327449600,6.26,6.86,3.8,5.88,NaN,NaN,203.12231985,222.1757563125002
1327708800,4.91,5.9,4.91,5.58,NaN,NaN,24.86484643,204.4151857015002
1327968000,5.7,6.28,3.8,6.28,NaN,NaN,373.56306963,212.70017590300023
1328227200,6.29,6.5,5.6,5.6,NaN,NaN,271.03787125,198.0002586510002
1328486400,5.6,5.9,5.2,5.87,NaN,NaN,278.1557774,203.40488402900021
1328745600,5.52,5.89,5.5,5.5,NaN,NaN,262.4131803,204.89883000050017
1329004800,5.78,5.8,4.56,4.89,NaN,NaN,292.9728057,210.1797187865002
1329264000,4.9,5.08,4.15,4.67,NaN,NaN,428.08337588000006,219.24786245600018
1329523200,4.67,4.73,4.14,4.44,NaN,NaN,663.01304996,243.45214647150016
1329782400,4.52,5.22,4.3,5.22,NaN,NaN,1148.60197718,295.47505418950016
1330041600,5.12,5.22,4.78,4.98,NaN,NaN,198.30451933,298.8810328485002
1330300800,4.97,5.1,4.71,4.99,NaN,NaN,991.53154753,340.8547138355002
1330560000,4.99,5.05,4.6,4.65,NaN,NaN,663.05660804,367.5731801915002
1330819200,4.78,5.06,4.77,4.98,NaN,NaN,928.2909092500001,402.1918338440002
1331078400,5.05,5.09,4.87,4.93,NaN,NaN,977.64757918,447.4659537585002
1331337600,4.91,5,4.84,4.99,NaN,NaN,247.49313432000002,447.3430831740002
1331596800,4.99,5.44,4.96,5.39,NaN,NaN,2497.56506929,568.0960643615001
1331856000,5.3,5.42,5.24,5.25,NaN,NaN,714.23479407,592.4773004085002
1332115200,5.24,5.37,4.79,4.96,NaN,NaN,704.27830285,606.4934320515001
1332374400,4.86,4.98,4.6,4.83,NaN,NaN,981.0796887900001,642.4655213115001
1332633600,4.61,4.97,4.54,4.84,NaN,NaN,449.82892812,654.8008517250001
1332892800,4.75,4.95,4.72,4.88,NaN,NaN,690.44146077,688.0796824420001
1333152000,4.9,5.04,4.77,5.04,NaN,NaN,1355.45826001,737.1744419610002
1333411200,5.04,5.04,4.86,5,NaN,NaN,950.6034274000001,771.1527197685001
1333670400,4.9,4.99,4.69,4.76,NaN,NaN,1131.83130583,813.83649619
1333929600,4.7,4.92,4.7,4.92,NaN,NaN,898.98059371,845.6648668605001
1334188800,4.87,5.01,4.73,4.96,NaN,NaN,2403.71043573,951.2017483620002
1334448000,4.96,4.99,4.92,4.98,NaN,NaN,884.4970222,974.0224306780003
1334707200,4.98,5.38,4.98,5.38,NaN,NaN,1775.4193496200003,1029.6427456610004
1334966400,5.4,5.43,5,5,NaN,NaN,1388.9731822,1041.6613059120004
1335225600,4.99,5.15,4.86,4.98,NaN,NaN,4372.17530052,1250.3548449715004
1335484800,5.03,5.08,4.81,4.91,NaN,NaN,985.91816529,1250.0741758595004
1335744000,4.92,5.15,4.86,5.06,NaN,NaN,1817.64414685,1307.8035528000005
1336003200,5.06,5.15,5.04,5.04,NaN,NaN,1836.70121143,1353.2240679090005
1336262400,5.06,5.1,4.97,5.02,NaN,NaN,2749.08338743,1441.7958583215006
1336521600,5.02,5.08,4.87,4.95,NaN,NaN,1671.22254484,1512.9823288475004
1336780800,4.95,4.99,4.88,4.93,NaN,NaN,1333.5259744999998,1454.7803741080006
1337040000,4.95,5.04,4.9,5.02,NaN,NaN,1390.24201751,1488.5807352800007
1337299200,5.03,5.08,5.03,5.03,NaN,NaN,1106.93237148,1508.7134387115007
1337558400,5.04,5.1,5,5.1,NaN,NaN,1590.27629376,1539.1732689600008
1337817600,5.08,5.12,5.04,5.07,NaN,NaN,1568.35657515,1595.0996513115008
1338076800,5.08,5.12,4.95,5.11,NaN,NaN,2435.72781004,1682.3639687750008
1338336000,5.07,5.24,5.07,5.22,NaN,NaN,2324.70600625,1730.8263560870012
1338595200,5.2,5.24,5.14,5.22,NaN,NaN,1565.88784806,1761.5905771200014
1338854400,5.22,5.53,5.22,5.53,NaN,NaN,3112.91646784,1860.6448352205014
1339113600,5.48,5.63,5.42,5.42,NaN,NaN,2022.0562320899999,1916.7986171395012
1339372800,5.48,6,5.4,5.86,NaN,NaN,11688.27753687,2381.0269721965014
1339632000,5.86,6.52,5.56,6.41,NaN,NaN,6288.095388809999,2651.2068905270016
1339891200,6.41,6.49,5.98,6.46,NaN,NaN,4296.33794737,2777.252820414501
1340150400,6.4,6.69,6.26,6.59,NaN,NaN,3519.98738502,2883.8035305555013
1340409600,6.6,6.61,6.11,6.26,NaN,NaN,3693.04249387,2849.846890223001
1340668800,6.26,6.68,5.99,6.5,NaN,NaN,17771.02745637,3689.102354777001
1340928000,6.5,6.63,6.49,6.52,NaN,NaN,9288.05078515,4062.6226866920015
1341187200,6.55,6.66,6.36,6.44,NaN,NaN,5743.31543502,4257.953397871502
1341446400,6.52,6.79,6.39,6.79,NaN,NaN,4478.06685933,4344.402571466501
1341705600,6.8,7.13,6.45,7.08,NaN,NaN,4077.2707205300003,4464.704980251001
1341964800,7.08,7.69,7.04,7.59,NaN,NaN,4282.04538775,4612.130950913501
1342224000,7.58,8.3,7.14,8.3,NaN,NaN,4719.78929539,4778.608314807501
1342483200,8.3,9.2,7.7,8.76,NaN,NaN,8785.58112015,5162.540752241001
1342742400,8.76,8.91,7.93,8.42,NaN,NaN,5242.85713334,5345.169794220002
1343001600,8.42,8.88,8.1,8.64,NaN,NaN,5680.21989894,5550.762960409502
1343260800,8.64,9,8.45,8.88,NaN,NaN,3024.10133674,5580.181636744502
1343520000,8.79,9.28,8.54,9.28,NaN,NaN,4338.409918490001,5680.866832356502
1343779200,9.28,12,8.9,10.79,NaN,NaN,7048.7287653,5955.008878218502
1344038400,10.96,11.2,10.29,10.84,NaN,NaN,4612.20840971,6029.973475312002
1344297600,10.86,12.49,10.7,11,NaN,NaN,6218.124902,6239.776908807502
1344556800,11,11.69,10.9,11.49,NaN,NaN,3751.68861296,5842.947462612002
1344816000,11.42,13.2,11.4,13.01,NaN,NaN,7017.826913659999,5879.4340388545015
1345075200,13.14,16.41,11.11,11.54,NaN,NaN,8908.975156299999,6110.065899301002
1345334400,11.86,11.86,7.1,10.18,NaN,NaN,12194.670622540001,6543.800061177002
1345593600,9.99,10.71,9.75,10.37,NaN,NaN,15074.47944732,7112.871908849503
1345852800,10.45,11.93,10.14,10.78,NaN,NaN,6277.109248660001,6538.175998464003
1346112000,10.9,11.21,10.49,10.65,NaN,NaN,9252.84529399,6536.415723906002
1346371200,10.65,10.8,9.49,10.18,NaN,NaN,4920.78312418,6495.289108364001
1346630400,10.17,10.99,9.95,10.99,NaN,NaN,5686.69995397,6555.720763096001
1346889600,10.9,11.15,10.3,10.97,NaN,NaN,6003.1316368,6652.013808909501
1347148800,10.97,11.08,10.38,11.04,NaN,NaN,8503.14921586,6863.069000315001
1347408000,11.04,11.7,10.75,11.5,NaN,NaN,6680.9626600599995,6961.127668548502
1347667200,11.6,11.88,11.35,11.85,NaN,NaN,2572.14110986,6650.455668034003
1347926400,11.85,12.66,11.67,12.28,NaN,NaN,5754.535120890001,6676.039567411503
1348185600,12.29,12.35,11.79,11.99,NaN,NaN,3892.8999411900004,6586.673569524003
1348444800,11.99,12.2,11.53,12.2,NaN,NaN,7618.75449761,6816.406227567504
1348704000,12.2,12.38,11.53,12.28,NaN,NaN,6732.9224025,6936.131851768003
1348963200,12.2,12.7,11.6,12.64,NaN,NaN,7959.55971348,6981.673399177003
1349222400,12.63,12.99,11.5,12.5,NaN,NaN,13619.90236129,7432.058096756004
1349481600,12.51,12.6,10.42,11.62,NaN,NaN,7789.22216847,7510.612960079503
1349740800,11.62,12.26,11.52,12.09,NaN,NaN,6653.51792307,7655.704425585003
1350000000,11.95,12.1,11.79,11.79,NaN,NaN,1558.5501613200001,7382.740587968004
1350259200,11.78,11.97,11.03,11.88,NaN,NaN,7451.34822104,7309.859241205004
1350518400,11.9,11.9,11.5,11.6,NaN,NaN,12131.61079629,7306.706249892505
1350777600,11.6,11.7,11.25,11.58,NaN,NaN,6678.48838722,6886.906696887505
1351036800,11.38,11.62,9.68,10,NaN,NaN,8642.364113579999,7005.169440133504
1351296000,10,10.8,9.5,10.8,NaN,NaN,5617.58761008,6823.406555938005
1351555200,10.8,11.05,10.43,10.85,NaN,NaN,7564.98251689,6955.616525573506
1351814400,10.85,10.96,10.4,10.64,NaN,NaN,6060.670435849999,6974.315049667506
1352073600,10.63,10.84,10.45,10.8,NaN,NaN,12908.173500820001,7319.567142868506
1352332800,10.65,10.87,10.25,10.81,NaN,NaN,6347.423703389999,7211.780867245006
1352592000,10.82,10.99,10.64,10.87,NaN,NaN,4362.60994534,7095.863231509005
1352851200,10.87,11.6,10.74,11.46,NaN,NaN,10841.67098439,7509.339725235504
1353110400,11.48,11.65,11.03,11.65,NaN,NaN,6035.42895344,7523.384416863004
1353369600,11.6,12.12,11.34,11.88,NaN,NaN,16004.47329602,8128.963084604504
1353628800,11.86,12.35,11.66,12.31,NaN,NaN,4575.149546770001,7976.782837062504
1353888000,12.32,12.74,11.75,12.22,NaN,NaN,12593.6993859,8269.821686232503
1354147200,12.22,12.46,12.1,12.34,NaN,NaN,9539.75141424,8348.831271270503
1354406400,12.44,13.01,12.24,12.59,NaN,NaN,12390.405816909999,8287.356444051502
1354665600,12.86,13.59,12.63,13.37,NaN,NaN,11176.505365340001,8456.720603895003
1354924800,13.3,13.4,13.03,13.3,NaN,NaN,8140.72262558,8531.080839020502
1355184000,13.13,13.52,13.05,13.52,NaN,NaN,11826.55226655,9044.480944282002
1355443200,13.51,13.94,13.27,13.27,NaN,NaN,8699.38686645,9106.882876552501
1355702400,13.28,13.62,12.75,13.4,NaN,NaN,15624.01517649,9281.5030955625
1355961600,13.27,13.44,13.11,13.2,NaN,NaN,5296.103663950001,9212.383859399002
1356220800,13.2,13.29,13.01,13.24,NaN,NaN,3165.95513804,8938.563410622002
1356480000,13.09,13.29,12.91,13.18,NaN,NaN,9772.29164439,9146.298612337503
1356739200,13.18,13.29,13.05,13.24,NaN,NaN,2937.46244101,8914.922608543502
1356998400,13.24,13.26,12.77,13.19,NaN,NaN,7278.750185999999,8975.826596051
1357257600,13.12,13.24,12.84,13.15,NaN,NaN,4617.35244555,8561.2855432875
1357516800,13.1,13.65,13.04,13.58,NaN,NaN,14661.791005160001,8977.003908376
1357776000,13.67,14.19,13.5,13.89,NaN,NaN,8370.63661742,9177.405241980001
1358035200,13.94,14.32,13.5,14.2,NaN,NaN,10854.493363739999,9178.046360947501
1358294400,14.15,15.7,14.01,15.57,NaN,NaN,17413.510858550002,9746.950456203002
1358553600,15.52,16.98,15.32,16.52,NaN,NaN,9055.93590203,9399.523586503503
1358812800,16.53,19.2,16,17.29,NaN,NaN,23561.08279177,10348.820248753502
1359072000,17.15,17.72,16.12,17.6,NaN,NaN,10207.033581,10229.486958508502
1359331200,17.6,19.85,17.48,19.45,NaN,NaN,12443.66667809,10374.682721701003
1359590400,19.45,21,19.27,19.82,NaN,NaN,14029.670435810001,10456.645952646002
1359849600,19.76,20.7,19.57,20.5,NaN,NaN,10179.680482549998,10406.8047085065
1360108800,20.56,22.63,20.33,22.4,NaN,NaN,12533.502527100001,10626.443703582501
1360368000,22.4,23.94,22.24,23.94,NaN,NaN,7307.2376351,10400.477972010001
1360627200,23.94,27.5,22.42,27.4,NaN,NaN,24560.378091109997,11193.527533243003
1360886400,27.4,27.58,25.25,26.98,NaN,NaN,13869.53277193,11105.803413015003
1361145600,26.81,30.07,26.29,30,NaN,NaN,16476.98693123,11664.847576379003
1361404800,30,31.49,27.67,29.54,NaN,NaN,13624.16255759,12187.757947356502
1361664000,29.55,32,29.08,31.1,NaN,NaN,8227.527941600001,12110.519762217004
1361923200,31.01,34.75,30.45,34.55,NaN,NaN,13561.84456949,12641.738868641003
1362182400,34.55,37,33.6,36.52,NaN,NaN,9430.44294361,12749.323506521505
1362441600,36.56,49.17,33,41.68,NaN,NaN,33033.69312045,14170.140540266506
1362700800,41.68,47,40.56,45.29,NaN,NaN,9470.07711973,13910.554845995004
1362960000,45.97,48.38,36,46.99,NaN,NaN,17886.71597552,14386.358813900006
1363219200,46.99,47.97,46.58,46.74,NaN,NaN,5501.20716352,14118.694503889006
1363478400,46.7,60,46.7,59.41,NaN,NaN,16331.00122522,14064.569022222504
1363737600,59.46,76.91,58.86,69.9,NaN,NaN,23873.27046395,14805.435750318506
1363996800,68.81,80,50.09,75.11,NaN,NaN,24918.89440202,14873.326330831007
1364256000,74.3,97,74.3,88.52,NaN,NaN,22644.934059059997,15495.221354734007
1364515200,88.96,96.15,84,96.15,NaN,NaN,10461.755390440001,15396.125790351507
1364774400,95.5,158.41,93.7,133.78,NaN,NaN,27985.692773939998,16093.926907258006
1365033600,133.87,150.03,119,141,NaN,NaN,18329.7479739,16501.430281825506
1365292800,141,235.29,140.65,229,NaN,NaN,31360.06446788,17442.758378864506
1365552000,228.94,259.34,45,109.9,NaN,NaN,87191.26389946,21436.959692082506
1365811200,109.9,119,60,74,NaN,NaN,42186.545189590004,22318.26804700651
1366070400,73.99,111.23,49.8,109.3,NaN,NaN,83088.47013044,25779.21491493201
1366329600,109.3,140.2,100,118.81,NaN,NaN,50161.85706793,27463.458421767013
1366588800,118.91,161,116,149,NaN,NaN,41300.27036065,28847.263811920013
1366848000,150,170.28,123.2,128.8,NaN,NaN,33941.08786998,30132.941808339016
1367107200,128.8,151.65,121.57,139.88,NaN,NaN,24087.28481701,30659.213820715016
1367366400,139.87,140.3,81.5,98.08,NaN,NaN,69693.60017396,33672.371682232515
1367625600,98.08,123.97,94,112.71,NaN,NaN,42195.625468950006,34130.468299657514
1367884800,112.67,116.29,98.77,111.96,NaN,NaN,29928.901704429998,35153.40952889252
1368144000,111.96,119.98,109.2,114.5,NaN,NaN,18538.94312036,35186.020886134516
1368403200,115.05,117.9,101.72,108.95,NaN,NaN,26446.56736822,36233.288896369515
1368662400,108.96,118.55,108.35,118.49,NaN,NaN,21143.3534597,36473.90650809351
1368921600,118.49,118.98,114.03,117.5,NaN,NaN,12997.926041059998,35930.139286949016
1369180800,117.25,129.94,117,128.7,NaN,NaN,30681.98220739,36218.293677217516
1369440000,128.65,130.6,120.33,126.25,NaN,NaN,16476.581679479998,35909.876058238515
1369699200,126.2,131,123,126.81,NaN,NaN,25451.953173460002,36659.38594738951
1369958400,126.78,129.87,117.02,123,NaN,NaN,24178.56268139,36469.02944276201
1370217600,123.35,125.01,116.32,121.2,NaN,NaN,21559.17789716,36630.500938925004
1370476800,120.98,121.33,107,109.11,NaN,NaN,28253.4613807,36475.170784566006
1370736000,109.11,110,90,107.36,NaN,NaN,49505.41063385,34590.87812128551
1370995200,107.35,111.18,95,99.01,NaN,NaN,26358.31306069,33799.466514840504
1371254400,99.01,105,96.22,100,NaN,NaN,12118.90836621,30250.988426629006
1371513600,100.39,108.18,99.99,102.61,NaN,NaN,25446.80450537,29015.235798501002
1371772800,103,104.86,90,100.41,NaN,NaN,17659.38127842,27833.1913443895
1372032000,100.4,102.3,95,98.77,NaN,NaN,19937.14796566,27132.994349173496
1372291200,98.75,98.76,86.2,88.98,NaN,NaN,27868.57016045,27322.058616345494
1372550400,88.83,90.3,80.94,88,NaN,NaN,35911.53459261,25632.955337277992
1372809600,88.04,89.56,63.26,66.93,NaN,NaN,75633.6835987,27304.85824376549
1373068800,67.13,76.94,63,74.4,NaN,NaN,42774.05860017,27947.116088552488
1373328000,74,89.96,70.25,87.13,NaN,NaN,60495.24101871,30044.930983469985
1373587200,87.81,100,86.6,90.03,NaN,NaN,43268.32727959,30886.018979038483
1373846400,90.02,95,88.11,90.97,NaN,NaN,29721.00102909,31314.901357507984
1374105600,90.96,91,77,85.04,NaN,NaN,34588.10168878,32394.410139893986
1374364800,85.02,88.88,82,86.98,NaN,NaN,24240.38168764,32072.330113906482
1374624000,86.88,91.77,85.73,89.95,NaN,NaN,26193.88560157,32558.195310010982
1374883200,89.97,94.01,87.8,93.39,NaN,NaN,21034.3475317,32337.315027922985
1375142400,93.45,101,92.7,96.62,NaN,NaN,36552.912446689996,32956.03251618799
1375401600,96.63,98.71,93.03,96.38,NaN,NaN,23072.69099855,33031.708171257495
1375660800,96.38,98.98,95.5,97.09,NaN,NaN,27379.8811798,32988.02916121249
1375920000,97.09,97.14,90,93.51,NaN,NaN,29443.73074367,31984.945166703495
1376179200,93.51,98.19,93.12,98.15,NaN,NaN,21907.571252460002,31762.408076292
1376438400,97.75,101,96.5,98.25,NaN,NaN,36837.15585281,32998.320450622
1376697600,98.26,105.16,97.48,102.85,NaN,NaN,28514.681856479998,33151.7143181775
1376956800,102.85,114,100.38,109.12,NaN,NaN,47670.204529040006,34652.2554807085
1377216000,109.12,113.28,104.2,113.12,NaN,NaN,23145.52601036,34812.6743829435
1377475200,113.12,119.63,110.27,117.91,NaN,NaN,39963.27422992,35417.40958641701
1377734400,117.91,134.95,117,128,NaN,NaN,47145.04048691,35979.08488113201
1377993600,127.9,132.09,126.79,129.18,NaN,NaN,28955.53965867,33645.17768413051
1378252800,129.2,129.94,115.21,117.67,NaN,NaN,57449.09067918001,34378.92928808101
1378512000,116.56,124.13,115,121.68,NaN,NaN,36481.40972569,33178.237723430015
1378771200,121.68,128.5,118,126.38,NaN,NaN,43726.31424154,33201.13707152752
1379030400,126.38,128.79,123,125.36,NaN,NaN,23382.69546146,32884.22179314602
1379289600,125.36,128,124.03,127,NaN,NaN,29950.67247771,32652.350332592516
1379548800,127,127.95,121.16,123.39,NaN,NaN,24895.52025493,32685.10726095702
1379808000,123.38,124.01,121.54,123.86,NaN,NaN,20802.19240032,32415.522600894514
1380067200,123.75,126.96,123,126.95,NaN,NaN,27955.35102633,32761.572775626013
1380326400,126.95,128.8,122.77,126.25,NaN,NaN,24596.17758765,32163.736032674013
1380585600,126.25,127.93,85,117.63,NaN,NaN,94265.98781876,35723.40087368451
1380844800,117.62,122.98,116.48,122.49,NaN,NaN,20063.553284690002,35357.58447892901
1381104000,122.49,127.99,120.11,125.9,NaN,NaN,44002.26971151,36085.51142732101
1381363200,125.79,128,124.9,127.98,NaN,NaN,26820.12404133,36331.13906676451
1381622400,127.58,147.39,127.57,142.76,NaN,NaN,56062.507494150006,37292.40664883151
1381881600,142.75,154.69,135,152.89,NaN,NaN,66107.17977249,39172.03154463201
1382140800,152.89,181.93,152.44,180.13,NaN,NaN,76742.04963185001,40625.62379977251
1382400000,180.15,206.6,156.2,193.87,NaN,NaN,121785.00891633,45557.59794507101
1382659200,194,195,167.67,194,NaN,NaN,52519.42946,46185.40570657501
1382918400,194.99,206,190.8,197.54,NaN,NaN,54487.3191205,46552.519638254504
1383177600,197.58,205.15,195.1,204.86,NaN,NaN,25304.398007820004,46369.96255571201
1383436800,204.86,250.79,203.51,242.9,NaN,NaN,82073.45193706,47601.180618606006
1383696000,242.9,334.45,241.11,334,NaN,NaN,129916.71731241999,52272.94599794251
1383955200,333.9,363.65,265.01,343.91,NaN,NaN,138541.99750529998,57013.73016113051
1384214400,343.63,421.97,340.01,416.95,NaN,NaN,90076.56090637001,60348.42343337601
1384473600,416.88,480,390,477.38,NaN,NaN,76298.26145177,62665.80288207901
1384732800,478.1,755,378,599,NaN,NaN,186310,70736.5268693325
1384992000,600,874.81,580.37,829.5,NaN,NaN,76072,73500.01724931652
1385251200,829.15,919,747,916.86,NaN,NaN,72874,75745.94969800001
1385510400,915.01,1141,879.99,1132,NaN,NaN,89013,78966.79081861752
1385769600,1131.99,1163,795.6,1040,NaN,NaN,105943,79550.64142767951
1386028800,1037.11,1153.27,848.42,1035.67,NaN,NaN,82150,82654.963763445
1386288000,1020.51,1033.13,542.38,784.9,NaN,NaN,159899,88449.80027786951
1386547200,787,989.6,766.66,879.04,NaN,NaN,82434,91230.494075803
1386806400,879.04,920.42,832.01,854.99,NaN,NaN,36029,90228.8187010955
1387065600,850.78,869.98,612.51,675,NaN,NaN,113376,92592.25971247102
1387324800,675,719.97,382.21,608.77,NaN,NaN,234694,100489.85723087851
1387584000,610,690,550,654.76,NaN,NaN,49890,96895.106785062
1387843200,654.76,764.32,628.11,747.83,NaN,NaN,47309,96634.585312062
1388102400,747.83,762.1,682.22,728,NaN,NaN,37626,95791.519356037
1388361600,728.01,740,709,732,NaN,NaN,14411,95246.849455646
1388534400,732,818.99,729.01,809.4,NaN,NaN,37835,93034.926858793
1388793600,808.24,995,790.2,919.2,NaN,NaN,60869,89582.540993172
1389052800,915.8,943,765,826.54,NaN,NaN,85549,86932.891117907
1389312000,825.5,909.96,799.41,844.05,NaN,NaN,41048,84481.4630725885
1389571200,844.04,850.26,783.11,841.14,NaN,NaN,41239,82728.5
1389830400,841.14,849,765,811.83,NaN,NaN,30643,74945.15
1390089600,810,845,791.01,824.89,NaN,NaN,22931,72288.1
1390348800,824.88,824.99,767.02,779.19,NaN,NaN,31328,70210.8
1390608000,780,834,725,749.34,NaN,NaN,43239,67922.1
1390867200,750.95,812.93,740.01,799.99,NaN,NaN,40155,64632.7
1391126400,799.99,827.38,791,815,NaN,NaN,20233,61536.85
1391385600,814.94,815,775,781.8,NaN,NaN,20844,54584.1
1391644800,780.01,803,619,674,NaN,NaN,100324,55478.6
1391904000,680.49,755.42,530,675.1,NaN,NaN,126907,60022.5
1392163200,677,712.9,538.01,669,NaN,NaN,111909,59949.15
1392422400,670.34,673.17,590.01,633.66,NaN,NaN,66955,51562.2
1392681600,633.66,650,560.9,561.86,NaN,NaN,60778,52106.6
1392940800,561.86,646,530.01,611.99,NaN,NaN,68351,53158.7
1393200000,609.9,629,400,585.23,NaN,NaN,216676,62111.2
1393459200,585.24,599.99,535,567.47,NaN,NaN,53844,64082.85
1393718400,567.46,710,553,673.28,NaN,NaN,99315,67156.85
1393977600,673.27,679.97,613.45,632.79,NaN,NaN,44543,66340.55
1394236800,632.79,653,604.5,629.4,NaN,NaN,31974,63661.8
1394496000,628.02,656.95,614.17,641.01,NaN,NaN,28535,63036.15
1394755200,641.02,645,625.29,633.04,NaN,NaN,14040,61676.2
1395014400,634.99,634.99,591.13,611.2,NaN,NaN,31002,61694.15
1395273600,610.01,611.3,541,565.31,NaN,NaN,46877,62891.45
1395532800,564.31,592.6,547,583.77,NaN,NaN,27677,62708.9
1395792000,583.77,592,466.1,501.17,NaN,NaN,93839,65238.9
1396051200,502.01,508,436,454.83,NaN,NaN,59799.65095953,66221.1325479765
1396310400,454.81,509.98,416.11,451.03,NaN,NaN,84328.45121748,69425.9051088505
1396569600,451.03,465,430.77,456.27,NaN,NaN,27450.47648356,69756.2289330285
1396828800,459.97,464.19,438.08,441.69,NaN,NaN,21270.27448057,65803.542657057
1397088000,441.69,442.46,339.79,423.42,NaN,NaN,102647.64229195,64590.5747716545
1397347200,424.91,528.75,397.16,521,NaN,NaN,77209.8849049,62855.61901689951
1397606400,523.1,548,470,483.11,NaN,NaN,61795,62597.61901689951
1397865600,482.1,516.53,472.81,496.74,NaN,NaN,24059,60761.669016899505
1398124800,497.98,505,480,502.2,NaN,NaN,22037,58445.96901689951
1398384000,502.15,503.99,429.95,430,NaN,NaN,51473,50185.819016899506
1398643200,430,454.47,424,448.85,NaN,NaN,42757,49631.46901689951
1398902400,449,465.88,431,439.85,NaN,NaN,24999,45915.669016899505
1399161600,439,445,420.27,428.01,NaN,NaN,21070,44742.0190168995
1399420800,429,457.08,425.67,452.37,NaN,NaN,27742,44530.419016899505
1399680000,452.78,459.24,429.6,442.5,NaN,NaN,17472,43977.2690168995
1399939200,442.48,452.67,430.61,446,NaN,NaN,17756,44163.069016899506
1400198400,446.27,452.41,444.5,446.91,NaN,NaN,8352,43030.569016899506
1400457600,446.91,500,441.44,493.98,NaN,NaN,39903,42681.86901689951
1400716800,493.98,547.1,492.65,528.44,NaN,NaN,42471,43421.569016899506
1400976000,528.44,595,527.09,572.7,NaN,NaN,51104,41284.819016899506
1401235200,572.7,629.4,560.05,621,NaN,NaN,39499,40269.786468923005
1401494400,621,683.26,611,661.22,NaN,NaN,53841,38745.413908049006
1401753600,662,680.99,621.86,661.48,NaN,NaN,41590,39452.390083871
1402012800,661.46,662.13,635.88,658,NaN,NaN,14705,39124.1263598425
1402272000,658,659,615,620.5,NaN,NaN,23001,35141.79424524501
1402531200,623.81,630.36,538.38,566.58,NaN,NaN,59962,34279.40000000001
1402790400,566.58,610.2,552.11,606.48,NaN,NaN,26006,32489.950000000004
1403049600,606.48,616,580.51,588.02,NaN,NaN,17510,32162.500000000007
1403308800,590,605.05,580,588.22,NaN,NaN,11981,31659.700000000004
1403568000,588.22,588.25,554.45,579.99,NaN,NaN,19910,30081.550000000007
1403827200,580.09,604.21,574,599.89,NaN,NaN,13739,28630.650000000005
1404086400,599.86,658.88,595.51,650.5,NaN,NaN,30167,28889.050000000007
1404345600,649.74,652.79,616.3,630,NaN,NaN,15390,28605.050000000007
1404604800,630.9,639,612.9,623.98,NaN,NaN,12770,27856.450000000004
1404864000,623.98,635,607.9,635,NaN,NaN,10343,27500.000000000007
1405123200,634.99,642.57,616.84,621.17,NaN,NaN,11750,27199.700000000004
1405382400,621.15,629,610,622.2,NaN,NaN,11844,27374.300000000007
1405641600,626.3,632.96,618.46,627,NaN,NaN,8344,25796.350000000006
1405900800,626.98,628,615,621,NaN,NaN,11282,24236.900000000005
1406160000,620.95,621.99,590,596.23,NaN,NaN,18585,22610.950000000004
1406419200,596.23,602.83,570.5,585.95,NaN,NaN,18221,21547.050000000007
1406678400,585.93,607.2,555.9,598.2,NaN,NaN,31744,20442.200000000004
1406937600,597.84,599.09,578.21,588.5,NaN,NaN,11512,18938.300000000007
1407196800,588.5,591.9,576.44,585.84,NaN,NaN,18848,19145.450000000004
1407456000,585.84,597,584,590.96,NaN,NaN,9116,18451.200000000004
1407715200,590.98,590.99,524.55,548.81,NaN,NaN,33655,17135.850000000006
1407974400,549.85,551.86,481.55,521.97,NaN,NaN,55012,18586.150000000005
1408233600,523.47,524.8,442,485.57,NaN,NaN,47223,20071.800000000007
1408492800,491.98,534.14,466,514.65,NaN,NaN,48716,21908.550000000007
1408752000,514.65,515.95,487,503.82,NaN,NaN,19896,21907.850000000006
1409011200,503.74,523.09,502.27,506,NaN,NaN,21570,22299.400000000005
1409270400,506.94,514.98,473.33,479.04,NaN,NaN,22919,21937.000000000007
1409529600,479.01,490,470.42,474.89,NaN,NaN,21069,22220.950000000004
1409788800,474.86,497,471.04,479.78,NaN,NaN,18707,22517.800000000007
1410048000,479.99,483,456.3,473.2,NaN,NaN,26459,23323.600000000006
1410307200,473.34,492,462,474.62,NaN,NaN,25428,24007.500000000007
1410566400,473.08,481.58,467.43,469.47,NaN,NaN,15840,24207.300000000007
1410825600,469.47,473.69,407.94,425,NaN,NaN,40344,25807.300000000007
1411084800,426.62,431.11,378.78,399.55,NaN,NaN,63761,28431.250000000007
1411344000,400.77,452.67,393.6,423.68,NaN,NaN,51802,30092.100000000006
1411603200,423.57,423.9,396.53,401.77,NaN,NaN,30217,30691.900000000005
1411862400,399.16,403.99,365.2,391.09,NaN,NaN,50368,31623.100000000006
1412121600,389.56,393.79,353.75,358.74,NaN,NaN,43715,33233.25000000001
1412380800,358.71,365.07,275,328.59,NaN,NaN,160198,40300.75000000001
1412640000,328.56,395.55,312.37,364.01,NaN,NaN,99332,44811.55
1412899200,364.01,383.6,351.1,378.11,NaN,NaN,44707,45364.15000000001
1413158400,378.48,417.99,368.07,394.52,NaN,NaN,69954,46111.25000000001
1413417600,394.52,399,370.1,390.58,NaN,NaN,40267,45763.450000000004
1413676800,390.59,394.25,376.2,385.81,NaN,NaN,22952,44475.25000000001
1413936000,385.79,388.87,344.34,358.86,NaN,NaN,44886,45724.75000000001
1414195200,358.78,363,341.22,350,NaN,NaN,28444.67167756,46068.483583878005
1414454400,351.03,357.7,332.99,346.14,NaN,NaN,29916.88742009,46418.377954882504
1414713600,346.14,347.96,316.61,324.36,NaN,NaN,30831.73196256,46906.51455301051
1414972800,324.23,344.17,320,338.38,NaN,NaN,40246,47983.464553010504
1415232000,338.37,353.1,336.27,345.39,NaN,NaN,25220,47921.51455301051
1415491200,346.19,377.77,343.4,370.65,NaN,NaN,37376,48518.9145530105
1415750400,370.09,453.92,369.85,399.98,NaN,NaN,115500,53501.91455301051
1416009600,399.97,415,369,387.69,NaN,NaN,48340,53901.71455301051
1416268800,388.72,394.64,351.8,356.47,NaN,NaN,40477,52737.51455301051
1416528000,356.47,373.5,342.05,367.17,NaN,NaN,29833,51639.06455301051
1416787200,367.17,395.11,363.38,368.5,NaN,NaN,48183,52537.36455301051
1417046400,368.5,386.6,358,375.49,NaN,NaN,27107,51374.31455301051
1417305600,375.48,382.86,373.03,379.52,NaN,NaN,16492,50013.16455301051
1417564800,379.52,383,360,376,NaN,NaN,29320,43469.26455301051
1417824000,376,377.5,359.01,361.3,NaN,NaN,16772,39341.26455301051
1418083200,362.74,364.59,339.8,348.9,NaN,NaN,41997,39205.76455301051
1418342400,348.88,359.3,347.03,356.52,NaN,NaN,18382,36627.16455301051
1418601600,357.3,357.3,315.23,322,NaN,NaN,48704,37049.01455301051
1418860800,321.96,333,304.99,331.79,NaN,NaN,48898,38346.31455301051
1419120000,331.77,338.99,318.78,336.92,NaN,NaN,25800.54043521,37392.04157477101
1419379200,336.9,336.9,316.63,328.27,NaN,NaN,16162.82922485,36777.949452135515
1419638400,329.31,329.31,310.26,313.01,NaN,NaN,19736.43461438,36268.92681185001
1419897600,313.36,321,310,321,NaN,NaN,15222.014218690001,35488.44092465651
1420070400,321,321,280,282,NaN,NaN,28307.748610969997,34891.52835520501
1420329600,280,289.39,255,276.8,NaN,NaN,50969.5495546,36179.005832935014
1420588800,272.45,305,272.45,293.97,NaN,NaN,9914.24959425,34805.91831264751
1420848000,293.89,295,262.08,267.42,NaN,NaN,52665.7268894,31664.204657117516
1421107200,267.1,268.15,152.4,210.98,NaN,NaN,268152,42654.804657117515
1421366400,210.69,223.15,192.17,211.85,NaN,NaN,71971,44229.50465711752
1421625600,211.8,228.9,201.98,227.16,NaN,NaN,50024,45239.054657117515
1421884800,227.75,249.99,225.55,249.19,NaN,NaN,54294,45544.60465711752
1422144000,249.33,309.9,241.33,263.98,NaN,NaN,105562,49467.35465711752
1422403200,263.97,266.45,220,228.96,NaN,NaN,74499,52367.70465711751
1422662400,228.98,241.98,208.48,238.47,NaN,NaN,53136,53558.50465711751
1422921600,238.38,244.39,210.43,216.81,NaN,NaN,45244,54982.10465711751
1423180800,216.46,232.89,210.59,223.88,NaN,NaN,34331,54598.80465711751
1423440000,223.92,225.99,215,219.55,NaN,NaN,37082,55533.80465711751
1423699200,219.57,259.31,218.01,256.99,NaN,NaN,48110,55504.10465711751
1423958400,256.81,267.92,227.75,244.7,NaN,NaN,54601,55789.25465711751
1424217600,244.6,249.32,232.01,245.48,NaN,NaN,30762,56037.327635357
1424476800,245,247.8,232.05,239.65,NaN,NaN,17002.72647515,56079.32249787201
1424736000,239.63,240.98,234.01,236.84,NaN,NaN,14446.656612359999,55814.83359777101
1424995200,236.83,260.25,236.16,258.34,NaN,NaN,37316.81025488,56919.573399580506
1425254400,257.95,284.95,255.61,270.78,NaN,NaN,53172,58162.785969032
1425513600,270.72,280.5,262.2,276.71,NaN,NaN,23932,56810.908491302005
1425772800,276.71,296.8,271.12,290,NaN,NaN,29485,57789.446011589505
1426032000,290,297.95,282.99,283.25,NaN,NaN,24145,56363.4096671195
1426291200,283.25,294.26,280.46,289.27,NaN,NaN,14217,43666.6596671195
1426550400,289.27,292.99,249,261.81,NaN,NaN,42938,42215.0096671195
1426809600,261.97,272,256.25,267.74,NaN,NaN,16175,40522.5596671195
1427068800,268.28,270.07,236.4,246.94,NaN,NaN,40521,39833.9096671195
1427328000,246.99,253.83,244.91,252.87,NaN,NaN,20036,35557.6096671195
1427587200,252.91,252.96,236.52,244.24,NaN,NaN,22672,32966.2596671195
1427846400,243.93,256.96,239.32,254.19,NaN,NaN,20916,31355.2596671195
1428105600,254.19,262.98,250.76,255.58,NaN,NaN,14384,29812.2596671195
1428364800,255.54,256.62,238.47,243.43,NaN,NaN,25431,29367.2596671195
1428624000,243.75,243.94,231,236.5,NaN,NaN,18611,28443.7096671195
1428883200,236.42,236.9,210,222.88,NaN,NaN,42443,28160.3596671195
1429142400,222.83,229.67,220,223.4,NaN,NaN,23410,26600.8096671195
1429401600,223.35,236,221.43,235.74,NaN,NaN,21753,26150.3596671195
1429660800,235.71,238.64,228,230.24,NaN,NaN,27477,26674.073343362
1429920000,231.04,232.29,214.98,227.23,NaN,NaN,30289,27466.190512744
1430179200,227.17,240,221.45,236.2,NaN,NaN,30427,27121.7
1430438400,236.47,242.25,229.87,239,NaN,NaN,15252,25225.7
1430697600,239.73,242.2,227.01,228.49,NaN,NaN,24643,25261.25
1430956800,228.34,247.01,227.35,241.96,NaN,NaN,25925,25083.25
1431216000,241.83,244.99,237.54,241.03,NaN,NaN,21462,24949.1
1431475200,241.03,244.14,232.22,237.37,NaN,NaN,21249,25300.7
1431734400,237.39,237.4,231.44,232.87,NaN,NaN,13063,23806.95
1431993600,233.03,236.52,230.86,235,NaN,NaN,17827,23889.55
1432252800,235,241.64,232.92,239.22,NaN,NaN,16478,22687.4
1432512000,239.69,240.1,233.1,235.17,NaN,NaN,22658,22818.5
1432771200,235.32,236.8,231,232.11,NaN,NaN,15240,22446.9
1433030400,232.11,232.51,220.65,225.18,NaN,NaN,24153,22608.75
1433289600,225.17,226.99,219.03,224.4,NaN,NaN,18909,22835
1433548800,224.4,229.4,221.86,228.17,NaN,NaN,14980,22312.45
1433808000,228.05,230.79,226.67,229.03,NaN,NaN,20022,22383
1434067200,229.14,234,228.06,232.09,NaN,NaN,13451,20933.4
1434326400,232.08,257.39,231.55,247.76,NaN,NaN,45306,22028.2
1434585600,247.76,251.58,239.93,244.76,NaN,NaN,22216,22051.35
1434844800,244.65,247.99,241.06,243.74,NaN,NaN,11972,21276.1
1435104000,243.85,243.99,238.2,242.98,NaN,NaN,16960,20609.65
1435363200,242.98,256.94,242.36,256.04,NaN,NaN,28508,20513.7
1435622400,256.04,268,253.19,254.54,NaN,NaN,42933,21897.75
1435881600,254.49,274.74,252.4,271.5,NaN,NaN,38282,22579.7
1436140800,271.39,278.54,263.01,270.63,NaN,NaN,49706,23768.75
1436400000,270.41,298.05,265.92,291.64,NaN,NaN,54650,25428.15
1436659200,291.65,317.99,281,287.55,NaN,NaN,62565,27493.95
1436918400,287.49,293.7,272.31,279.43,NaN,NaN,42325,28957.05
1437177600,279.15,283,274.62,278.96,NaN,NaN,23209,29226.15
1437436800,278.95,281.07,275,276.61,NaN,NaN,23692,29586.85
1437696000,276.61,294,275.9,293.19,NaN,NaN,28637,29885.8
1437955200,292.85,297.44,286.43,289.85,NaN,NaN,33600,30803.8
1438214400,289.85,290.08,276.66,280.19,NaN,NaN,23048,30748.55
1438473600,280.19,285.88,276.57,285,NaN,NaN,16959,30651.05
1438732800,284.91,285.86,274.19,279.63,NaN,NaN,22260,31015.05
1438992000,279.94,279.97,260.41,264.33,NaN,NaN,28774,31452.65
1439251200,264.11,271.5,262.32,264.48,NaN,NaN,28566,32208.4
1439510400,264.74,266.99,254.01,256.11,NaN,NaN,23084,31097.3
1439769600,256.11,259.12,221.11,226.92,NaN,NaN,49018,32437.4
1440028800,226.4,236.66,223.01,231,NaN,NaN,41866,33932.1
1440288000,231,234.03,198.12,222.38,NaN,NaN,92575,37712.85
1440547200,222.38,235.93,219.77,231.65,NaN,NaN,61161,39345.5
1440806400,231.76,233.9,224.39,229.86,NaN,NaN,46648,39531.25
1441065600,230.25,231.67,226,227.28,NaN,NaN,64962,40865.25
1441324800,227.24,244.2,226.33,240.28,NaN,NaN,66658,41712.85
1441584000,240.28,246.24,237.01,238.35,NaN,NaN,70317,42496.2
1441843200,238.35,241.65,233.02,234.79,NaN,NaN,51497,41942.8
1442102400,234.79,236.09,223.99,230.03,NaN,NaN,53492,42501.15
1442361600,229.99,235,223,233.12,NaN,NaN,52086,43945
1442620800,233.24,233.76,225,226.15,NaN,NaN,38618,44691.3
1442880000,226.15,235.52,223.12,233.86,NaN,NaN,56877,46103.3
1443139200,233.88,237.25,231.16,232.41,NaN,NaN,55145.76858134,47180.588429067
1443398400,232.4,240.56,231.69,236.2,NaN,NaN,58443.12780818,48950.344819476
1443657600,235.87,239.86,235,238.95,NaN,NaN,55080.66050247,50856.4278445995
1443916800,239.06,248.19,236.1,246.57,NaN,NaN,62015.81789335,52844.218739266995
1444176000,246.79,247.65,242.06,244.48,NaN,NaN,51851.86450699,53998.111964616495
1444435200,244.49,248.5,243,245.81,NaN,NaN,47126.20152833,54926.122041033
1444694400,245.81,256.5,242.82,254.49,NaN,NaN,74882.10185445,57516.0271337555
1444953600,254.49,273,253.69,261.05,NaN,NaN,70148.01674295,58572.52797090301
1445212800,260.99,272.95,259.82,267.89,NaN,NaN,66068.91807952,59782.673874879
1445472000,267.9,284,267.39,282.84,NaN,NaN,72330.02893027,58770.425321392504
1445731200,283.03,300,279.25,295.54,NaN,NaN,85272.20820359001,59975.98573157201
1445990400,295.8,334.05,294.4,328.65,NaN,NaN,102897.03561411,62788.43751227751
1446249600,328.28,369.02,302.99,361.74,NaN,NaN,88193.20765405,63949.99789498001
1446508800,361.26,502,360.4,385.5,NaN,NaN,243352.16691947,72784.70624095351
1446768000,387.77,396.67,353.26,372.65,NaN,NaN,100746.15211095,74306.16384650102
1447027200,372.86,386.79,294,309.91,NaN,NaN,126335.87795993,78048.10774449752
1447286400,309.95,356.1,308.42,333,NaN,NaN,88036.29821803,79775.32265539902
1447545600,332.95,350.44,314.6,336.08,NaN,NaN,77606.27676646001,81051.33649372202
1447804800,336,337.89,310,322.04,NaN,NaN,75475.25786083,82894.19938676353
1448064000,322.04,328.94,318.52,323.48,NaN,NaN,14293.12277183,80765.00552535502
1448323200,323.48,369.7,316,353.21,NaN,NaN,56888.941394509995,80852.16416601352
1448582400,353.9,373.15,347.84,371.48,NaN,NaN,27369.81639259,79298.49859523404
1448841600,371.2,383,348.64,358.89,NaN,NaN,45868.811841099996,78837.90616216553
1449100800,359.11,389.89,355.92,388,NaN,NaN,38964.29082019,77685.32980850752
1449360000,388,418.87,381.01,417.89,NaN,NaN,41084.16319783,77146.94474304953
1449619200,416.67,454.48,400,453.04,NaN,NaN,58531.080661069995,77717.18869968652
1449878400,453.12,467.8,403,443.36,NaN,NaN,54882.69519492,76717.21836671003
1450137600,443.3,465,436.89,456.17,NaN,NaN,48073.22756117999,75613.47890762152
1450396800,442.08,466.64,433.83,442.54,NaN,NaN,38685.18070986,74244.29203913853
1450656000,442.47,450,425.52,442.56,NaN,NaN,34177.10886175,72336.64603571252
1450915200,443.01,459.54,407.25,417.39,NaN,NaN,39688.838879,70057.47756948302
1451174400,417.11,433.33,410.5,431.82,NaN,NaN,24949.307230090002,66160.09115028201
1451433600,431.7,434.97,419.99,430.89,NaN,NaN,14352.373429629999,62468.049439061004
1451606400,430.89,436,424.06,431.04,NaN,NaN,11293.17462344,50865.0998242595
1451865600,431.54,435.86,426.54,429.56,NaN,NaN,15232.5092629,46589.417681857
1452124800,429.99,465,429.25,448.84,NaN,NaN,31488.68952159,41847.05825994
1452384000,448.84,451.13,434.35,434.85,NaN,NaN,18998.11148768,38395.1489234225
1452643200,434.85,438.35,360,360,NaN,NaN,51814.50311646,37105.5602409225
1452902400,360.62,392.07,352,385.49,NaN,NaN,40451.72556447,35354.38362610451
1453161600,385.47,422.98,372.53,409.59,NaN,NaN,41810.477733830005,36730.25137420451
1453420800,409.42,410.07,374.45,402.16,NaN,NaN,27858.59390356,35278.73399965701
1453680000,402.16,402.31,385.5,394.95,NaN,NaN,18892.97153365,34854.89175671
1453939200,394.62,395.56,363.73,375.64,NaN,NaN,27545.29809189,33938.71606924951
1454198400,376.38,379.3,364.7,373.05,NaN,NaN,17141.08096163,32847.55557632151
1454457600,373.05,391.88,365,385,NaN,NaN,27923.43921949,32189.51937740451
1454716800,384.97,384.98,369.99,370.91,NaN,NaN,15564.291604170001,30041.17992455951
1454976000,370.95,383.85,369.12,377.98,NaN,NaN,23258.27378348,28459.95885398751
1455235200,377.98,406.71,377.07,405,NaN,NaN,23081.00448877,27210.347700367012
1455494400,405.5,421.11,393.4,415.54,NaN,NaN,28104.12080161,26681.29470495451
1455753600,415.59,443.96,413.4,434.63,NaN,NaN,25241.837663259997,26234.531145030014
1456012800,434.63,447.99,414,419.1,NaN,NaN,26649.70086702,25582.57424443102
1456272000,419.1,432,409.07,432,NaN,NaN,17491.46872959,25209.68231940602
1456531200,432,440.99,422.29,435.23,NaN,NaN,16125.011613809998,25298.314228615018
1456790400,436.75,437.5,415.85,420.29,NaN,NaN,20199.9563758,25743.653316233016
1457049600,420.29,423.9,382,406.23,NaN,NaN,29917.416878869997,26477.898697031516
1457308800,406.15,414.99,403.03,413,NaN,NaN,16389.129982270002,25722.920720065515
1457568000,412.99,421.91,406.59,410.9,NaN,NaN,15846.60075166,25565.34518326451
1457827200,409.95,417.43,409.67,415.85,NaN,NaN,12326.53649031,23590.94685195701
1458086400,415.84,419,403.34,407.91,NaN,NaN,14190.42293062,22277.881720264508
1458345600,407.5,412,404.1,411.67,NaN,NaN,8997.60288567,20637.23797785651
1458604800,411.15,419,410.35,415.17,NaN,NaN,11673.16053778,19827.96630956751
1458864000,415.17,416.99,412,416.64,NaN,NaN,3863.16959059,19076.47621241451
1459123200,424.62,424.77,407.22,413.74,NaN,NaN,14055.913344820001,18402.006975061006
1459382400,413.68,420,411.4,419,NaN,NaN,9577.51555689,18023.82870482401
1459641600,419.35,423,416,422.71,NaN,NaN,8750.543848199999,17065.18393625951
1459900800,422.71,423.99,416.26,417.75,NaN,NaN,10195.99957668,16796.769334885008
1460160000,417.75,418.72,412,418.36,NaN,NaN,3636.53403986,15815.68234770401
1460419200,424.5,425.35,423.02,424.86,NaN,NaN,1109.6792152,14717.116084025512
1460678400,424.4,432.87,377.87,427.42,NaN,NaN,7757.49668404,13699.784878147013
1460937600,427.15,444,378.98,442.13,NaN,NaN,14581.394770750001,13166.762733521513
1461196800,441.99,452.19,440,451.92,NaN,NaN,13165.632692899999,12492.559324815515
1461456000,451.92,470.02,406,467.42,NaN,NaN,16304.82544472,12433.227160572013
1461715200,467.39,469.03,410,456.53,NaN,NaN,14703.616955270001,12362.157427645014
1461974400,456.53,456.9,393.15,444.06,NaN,NaN,9943.86967866,11849.353092788015
1462233600,444.06,452,440.78,448.5,NaN,NaN,11498.05061804,10928.384779746515
1462492800,448.5,463.97,447.03,458.21,NaN,NaN,8897.88850131,10553.822705698514
1462752000,457.75,464.79,447.38,452.91,NaN,NaN,12629.24233718,10392.954784974514
1463011200,452.95,457.25,448.88,455.57,NaN,NaN,7647.75044242,10159.015482580013
1463270400,456.3,458.08,451.11,453.08,NaN,NaN,8291.29466558,9864.059069328014
1463529600,452.96,455.68,435.03,442.72,NaN,NaN,11998.826851830001,10014.120267636014
1463788800,442.84,443.98,435,442.99,NaN,NaN,6892.71752785,9775.098117139514
1464048000,442.63,452.98,441,452.07,NaN,NaN,10504.59288295,10107.169281757513
1464307200,452.07,540,452.07,517.84,NaN,NaN,33005.247932540005,11054.636011143513
1464566400,517.6,548.5,510.01,536.95,NaN,NaN,23602.899321719997,11755.905199385013
1464825600,536.95,588.71,529.13,573.8,NaN,NaN,18938.736101479997,12265.314812049013
1465084800,573.5,594.44,563,577.54,NaN,NaN,16587.26771543,12584.878218986512
1465344000,577.48,584.25,571.86,578.01,NaN,NaN,10488.32548685,12927.467791336012
1465603200,576.53,725,575.93,704.49,NaN,NaN,35418.98202632,14642.932931892012
1465862400,703.81,773.07,655,766.62,NaN,NaN,34364.19117703,15973.267656541511
1466121600,767.37,778.85,706.37,761.44,NaN,NaN,23208.021851070003,16404.59901055751
1466380800,759.12,763.99,588.03,601.3,NaN,NaN,57044.42871793,18598.53881180901
1466640000,600.51,684.45,540.17,659.86,NaN,NaN,47015.220284890005,20134.058553817507
1466899200,658.8,665.51,618.03,646.08,NaN,NaN,14231.25488792,20110.440450450005
1467158400,644.33,684.1,621.09,674.86,NaN,NaN,23045.01616558,20765.497774796007
1467417600,674.55,704.99,640.1,680.35,NaN,NaN,17084.76313571,21044.833400679505
1467676800,678.74,682.36,605.5,638.19,NaN,NaN,19328.09549211,21566.343750219505
1467936000,638.89,665.99,626,648.76,NaN,NaN,15043.52073258,21687.057669989503
1468195200,648.77,678,639.31,655.06,NaN,NaN,13835.982720240001,21996.469283880502
1468454400,652.24,670.01,650.01,662.45,NaN,NaN,7303.45379035,21947.077240119004
1468713600,662.45,684.19,661.35,673.48,NaN,NaN,8351.66666797,21764.719230926006
1468972800,674.8,675,645,649.95,NaN,NaN,11110.71589364,21975.619149215505
1469232000,647.88,665,646,654.96,NaN,NaN,5154.446152639999,21708.111812700005
1469491200,655,659.98,645.01,653.07,NaN,NaN,8126.4266074199995,20464.170746444004
1469750400,654.84,657.5,614.97,623.83,NaN,NaN,6899.90570512,19629.021065614004
1470009600,622.5,630,465.28,563.42,NaN,NaN,43102.2286131,20837.195691195007
1470268800,563.99,592,552,589.48,NaN,NaN,19331.37946805,20974.401278826008
1470528000,589.47,598.82,579.43,582.75,NaN,NaN,9266.86840248,20913.328424607505
1470787200,582.71,603,580.01,585.91,NaN,NaN,9919.36208875,19638.347427729004
1471046400,585.34,589.98,554.9,565.55,NaN,NaN,10317.52079386,18436.01390857051
1471305600,564.2,579.8,563,571.49,NaN,NaN,12913.07049484,17921.266340759008
1471564800,571.51,583.99,552.3,577.55,NaN,NaN,8222.126235169999,15480.151216621007
1471824000,577.55,585.95,572.5,577.58,NaN,NaN,12257.2634465,13742.253374701506
1472083200,577.65,582.46,564.81,568.31,NaN,NaN,10234.23167716,13542.402214163507
1472342400,567.51,576.5,566.8,575.91,NaN,NaN,7806.06205755,12780.454508762008
1472601600,575.88,576.49,566.86,572,NaN,NaN,9747.69037172,12413.600870562506
1472860800,572,609.05,569.01,603.48,NaN,NaN,12385.02048742,12066.447120328006
1473120000,604.98,628.98,601,625.67,NaN,NaN,12896.00078864,11959.071123131007
1473379200,625.67,628.99,594.63,606.32,NaN,NaN,10138.86475769,11774.215225003507
1473638400,604.08,610.69,602,608.5,NaN,NaN,9879.255729550001,11903.005321963507
1473897600,608.5,608.99,601.1,604.1,NaN,NaN,6813.71756532,11826.107866831007
1474156800,602.93,609.5,601,601,NaN,NaN,6463.745430630001,11593.759343680507
1474416000,600.95,602.9,592.1,601.42,NaN,NaN,10090.56713829,11840.565392963006
1474675200,600.47,607.27,596,606.47,NaN,NaN,6278.3667747399995,11748.162401329006
1474934400,606.7,608.37,600.02,605.6,NaN,NaN,7976.541691820001,11801.994200664005
1475193600,605.59,614.28,603.15,608.6,NaN,NaN,5451.62567316,9919.464053667005
1475452800,608.6,612.98,604.99,608.49,NaN,NaN,7546.114918579999,9330.200826193504
1475712000,608.01,616.99,607.09,614.34,NaN,NaN,6961.95126229,9214.954969184004
1475971200,614.34,639,610,639,NaN,NaN,11557.10350395,9296.842039944004
1476230400,638.3,640,628.76,638.2,NaN,NaN,8149.056783170001,9188.418839409505
1476489600,638.2,642,632.1,636.91,NaN,NaN,6658.6424211700005,8875.697435726004
1476748800,636.96,638.04,624.13,628.89,NaN,NaN,9244.01800408,8926.792024171504
1477008000,628.05,656,627.5,648.74,NaN,NaN,9927.94137719,8810.325920706004
1477267200,648.71,677,640,675.11,NaN,NaN,17474.21411146,9172.325042421004
1477526400,674.63,717.99,665.59,711.13,NaN,NaN,12154.39568456,9389.741723771504
1477785600,711.1,737,683.6,726.6,NaN,NaN,14967.40004895,9650.727207633003
1478044800,726.6,745.19,670.32,702.7,NaN,NaN,21761.91975411,10119.572170967502
1478304000,702.95,714.36,694.71,702.86,NaN,NaN,7218.4998707,9835.697125070503
1478563200,702.86,740.86,701.02,714.47,NaN,NaN,20249.17839141,10341.212806756503
1478822400,714.48,720.94,683.23,700.38,NaN,NaN,12161.88990129,10455.344515343504
1479081600,700.38,742.87,697.14,739.71,NaN,NaN,24814.761420720002,11355.396708113503
1479340800,739.71,755.07,731.31,750.75,NaN,NaN,12917.909500810001,11678.104911622504
1479600000,750.09,753.82,714,749.22,NaN,NaN,14574.241320869998,11902.288620751504
1479859200,749.13,749.98,728,737.07,NaN,NaN,11858.68310012,12181.304437020504
1480118400,736.96,737.56,722.3,729.54,NaN,NaN,10503.546289320002,12307.654666895505
1480377600,730.99,754.98,721,751.54,NaN,NaN,17780.70171039,12924.108468757007
1480636800,751.55,778.07,750.77,762,NaN,NaN,14059.37162605,13249.771304130507
1480896000,762,769.61,743,763.99,NaN,NaN,17141.2191579,13758.734698911008
1481155200,764.05,774.12,762.29,772.28,NaN,NaN,9958.5302571,13678.806036568509
1481414400,772.28,793.27,764.01,775.35,NaN,NaN,9142.69081657,13728.487738238511
1481673600,775.75,782.46,770.74,781.32,NaN,NaN,8847.25242458,13837.918238409009
1481932800,781.32,794.39,780,791,NaN,NaN,8826.87590544,13817.061133477011
1482192000,791.03,875,787.1,859.96,NaN,NaN,25580.41172648,14599.68465094151
1482451200,858.94,920,858.93,890.67,NaN,NaN,27211.31992248,15086.539941492509
1482710400,890.65,976.48,888,976.46,NaN,NaN,22978.370656580002,15627.738690093509
1482969600,976.47,980.74,931,966.3,NaN,NaN,22768.435420870002,16017.790458689511
1483228800,966.34,1039,960.53,1035.24,NaN,NaN,24107.632364060002,16135.07608918701
1483488000,1035.51,1139.89,871,893.89,NaN,NaN,84132.61299673999,19980.78174548901
1483747200,894.02,941.81,812.28,896.23,NaN,NaN,38054.789239820006,20871.06228790951
1484006400,896.09,918.4,751.34,807.47,NaN,NaN,61843.32573743,23355.13407971651
1484265600,807.51,837.76,775,821.86,NaN,NaN,22266.70698825,23227.731358093013
1484524800,821.86,915.99,818.09,887.7,NaN,NaN,29619.83678526,24062.82772231551
1484784000,887.69,928,878.89,921.98,NaN,NaN,23597.7220971,24514.00176112701
1485043200,921.98,937.74,881.48,885.47,NaN,NaN,20093.7925919,24925.75723571601
1485302400,885.47,924.88,884.5,918.02,NaN,NaN,15309.50717514,25166.05528000701
1485561600,918.02,923,910,919.99,NaN,NaN,5646.48907459,24559.34464821701
1485820800,919.99,1011.65,917.5,1009.17,NaN,NaN,24758.36686896,25094.294410362512
1486080000,1009.15,1044.23,987.01,1011.07,NaN,NaN,21035.008867639997,25288.983895849513
1486339200,1010.03,1070,1005.1,1050.4,NaN,NaN,20104.46170044,25796.280468016514
1486598400,1051.73,1074.69,913.73,1012.4,NaN,NaN,40370.405030940005,27357.666178735013
1486857600,1011.01,1019,975.1,1008.88,NaN,NaN,14017.24009784,27616.16556239801
1487116800,1008.88,1064.99,1000.97,1055.46,NaN,NaN,15189.620171310002,27934.302775691514
1487376000,1055.75,1089.99,1039.07,1084,NaN,NaN,10427.40581989,27176.652480362012
1487635200,1084,1193.92,1077,1188.11,NaN,NaN,31800.348397810005,27406.10390412851
1487894400,1183.53,1220,1091.1,1179.05,NaN,NaN,29432.883158319997,27728.829529215513
1488153600,1180.46,1231,1169,1226.39,NaN,NaN,18249.695707860003,27502.892543565016
1488412800,1228,1298,1215,1260,NaN,NaN,20363.447865039998,27315.683318614017
1488672000,1260,1285,1175.97,1233.05,NaN,NaN,21739.23639363,24196.01448845852
1488931200,1233.86,1350,975,1116.97,NaN,NaN,54644.661413990005,25025.50809716702
1489190400,1111.55,1249.02,1106.51,1242.46,NaN,NaN,18963.297970749998,22881.50670883302
1489449600,1242.46,1260,1130,1172.62,NaN,NaN,24743.529743040002,23005.34784657252
1489708800,1172,1173.23,944.36,1017.97,NaN,NaN,48215.44799858,23935.12840723852
1489968000,1012.88,1117.9,988,1037.56,NaN,NaN,32973.48413603,24403.916509185023
1490227200,1037.6,1054.4,891.33,956.02,NaN,NaN,35484.133701650004,25173.433564672523
1490486400,956.02,1068.26,937.52,1043.99,NaN,NaN,26815.52189123,25748.73430047702
1490745600,1042.83,1081,1008.16,1070.31,NaN,NaN,30062.35467172,26969.527580333517
1491004800,1071.34,1152,1061.64,1144.77,NaN,NaN,23891.94041976,26926.206257873517
1491264000,1146.42,1201.37,1111,1190.85,NaN,NaN,22144.13824406,26981.662726694514
1491523200,1190.72,1216.87,1166.66,1206.2,NaN,NaN,12986.07645089,26625.743464217016
1491782400,1205.2,1229,1195,1212.17,NaN,NaN,10636.29864565,25139.038144952516
1492041600,1212.16,1219.45,1141,1173.45,NaN,NaN,17931.08202962,25334.730241541514
1492300800,1171,1210,1150,1202.58,NaN,NaN,11797.30656703,25165.11456132752
1492560000,1202.59,1252.32,1190,1243.61,NaN,NaN,17073.88881939,25497.43871130252
1492819200,1243.6,1254,1199,1253.58,NaN,NaN,9845.16372524,24399.679477674017
1493078400,1253.57,1342.02,1251.07,1331.53,NaN,NaN,20638.08822079,23959.939730797516
1493337600,1331,1356,1299,1350.21,NaN,NaN,15709.48606795,23832.92924880202
1493596800,1348.88,1516.04,1341.22,1503.22,NaN,NaN,28632.3520116,24246.37445613002
1493856000,1503.25,1623.01,1444.94,1558.02,NaN,NaN,43097.75194294,25314.300233595517
1494115200,1554.04,1760.4,1525,1720.28,NaN,NaN,43812.47834005,24772.69107989852
1494374400,1720.26,1892,1650,1691.51,NaN,NaN,43160.807800890005,25982.566571405518
1494633600,1690.33,1815,1601.46,1705.48,NaN,NaN,28749.995697849998,26182.88986914602
1494892800,1706.07,1881.8,1641.22,1878.99,NaN,NaN,46369.36605719999,26090.585772077022
1495152000,1879,2063.11,1874.99,2017.55,NaN,NaN,33385.21503368,26111.17231695952
1495411200,2017.55,2481.75,2001,2420.29,NaN,NaN,52728.52484288,26973.391874021025
1495670400,2420.29,2760.1,1850,2042,NaN,NaN,87646.22292903,30014.926925911022
1495929600,2042.89,2350,2041.48,2203.51,NaN,NaN,41501.61985316,30586.89018498302
1496188800,2201.7,2489,2154.28,2488.94,NaN,NaN,47236.20083698,31754.103205844025
1496448000,2488.94,2699.35,2445,2698,NaN,NaN,31966.04591706,32245.198589494026
1496707200,2698,2933,2612.5,2806,NaN,NaN,57190.81195305,34455.435364602024
1496966400,2805.46,2967.46,2780.43,2954.22,NaN,NaN,24521.73262146,35149.70706339252
1497225600,2954.23,2980,2320,2450,NaN,NaN,77589.1744556,38132.611684691525
1497484800,2451.42,2674.4,2120,2630,NaN,NaN,61769.167715569994,40631.20474211852
1497744000,2630.06,2783,2460.62,2740,NaN,NaN,35926.47569212,41573.83408575502
1498003200,2734.03,2789,2594.61,2685.05,NaN,NaN,34771.036488879996,42820.127723937025
1498262400,2685.05,2724.96,2315.01,2421.22,NaN,NaN,45894.06724823,44082.92667530902
1498521600,2421.21,2594.78,2291,2541.59,NaN,NaN,39571.75612284,45276.04017805352
1498780800,2538.41,2564.58,2374.34,2504.37,NaN,NaN,26465.649135760003,45167.70503426152
1499040000,2504.81,2639.47,2472.68,2602.9,NaN,NaN,32194.48335344,44622.541604786515
1499299200,2602.9,2614,2462,2550.07,NaN,NaN,23214.81185352,43592.65828046002
1499558400,2550.13,2564.65,2242.62,2305.98,NaN,NaN,39548.730484169995,43412.05441462402
1499817600,2301.55,2425.16,2140,2213.37,NaN,NaN,34062.66394869,43677.687827166024
1500076800,2209.44,2229.97,1830,2226,NaN,NaN,72019.69132335001,44960.204090473526
1500336000,2226,2938,2164,2875.03,NaN,NaN,73383.07335989,46960.09700678403
1500595200,2880,2887.45,2611.39,2749.02,NaN,NaN,44545.75645209,46550.95858724453
1500854400,2756.8,2800,2400,2524.99,NaN,NaN,49042.13737075,44620.75430933053
1501113600,2524.99,2825,2509.63,2680.56,NaN,NaN,36678.194228370005,44379.58302809103
1501372800,2681.6,2929.17,2569.69,2731,NaN,NaN,33317.573494,43683.65166094203
1501632000,2732,2877.52,2650,2855,NaN,NaN,23844.164709329998,43277.55760055553
1501891200,2851.01,3430,2848.32,3387.55,NaN,NaN,34933.16162324,42164.67508406503
1502150400,3387.54,3490,3178.72,3413.03,NaN,NaN,39153.33562626,42896.255234305034
1502409600,3410,4190,3390.67,4053.87,NaN,NaN,40168.277784210004,41025.21040073554
1502668800,4053.87,4400,3800,4378.84,NaN,NaN,52651.65950215,40569.33499006454
1502928000,4361.99,4480,3900,4099.55,NaN,NaN,47126.363340979995,41129.329372507535
1503187200,4091.99,4139.31,3600,4085,NaN,NaN,39542.78765669,41367.916930898034
1503446400,4078,4449.98,4051.94,4355.98,NaN,NaN,35461.70788259,40846.298962616034
1503705600,4348.17,4399.72,4169.01,4379.99,NaN,NaN,19179.79550248,39826.70093159804
1503964800,4385,4765.21,4336.26,4734.26,NaN,NaN,29511.090330029998,39978.97299131153
1504224000,4734.26,4979.9,4385,4606.26,NaN,NaN,43570.23787592,40547.760717435536
1504483200,4603.68,4649.23,4001.93,4605.8,NaN,NaN,62587.44912892,42516.39258120554
1504742400,4605.81,4679.97,4125.99,4308.72,NaN,NaN,42922.54128404,42685.08312119903
1505001600,4322.44,4377.65,4010,4172.56,NaN,NaN,39210.23688514,42942.46176802153
1505260800,4170.6,4179.14,2972.01,3700.01,NaN,NaN,131234.71858558,45903.21313113302
1505520000,3699.89,4122.7,3463,4101.6,NaN,NaN,52136.04548559,44840.861737418025
1505779200,4102,4119.7,3573,3617.05,NaN,NaN,44843.49942577,44855.748886102025
1506038400,3607.83,3810.25,3514,3664.22,NaN,NaN,31637.8488207,43985.534458599526
1506297600,3667.01,4226.73,3658.39,4199.29,NaN,NaN,40070.24465077,44155.13697971952
1506556800,4202.34,4349,4022.02,4326.09,NaN,NaN,29314.64253282,43954.990431660524
1506816000,4326.09,4453,4216,4315.83,NaN,NaN,27939.15666372,44159.74002938003
1507075200,4315.73,4425,4137.96,4362.95,NaN,NaN,25316.25724045,43678.89481024053
1507334400,4356.09,4865,4312.82,4764.7,NaN,NaN,27653.939087209998,43103.92498328803
1507593600,4761.67,5445,4700,5445,NaN,NaN,41449.14860411,43167.968524283024
1507852800,5444,5846.43,5380,5679.7,NaN,NaN,47781.262349829994,42924.44866666703
1508112000,5683.92,5807.11,5101.36,5582.05,NaN,NaN,37132.710049810004,42424.766002108525
1508371200,5572.64,6180,5512.06,6013.46,NaN,NaN,40386.32560166,42466.94289935702
1508630400,6010.85,6071.07,5453.01,5523.4,NaN,NaN,44850.5438133,42936.38469589252
1508889600,5518.49,5994.06,5366,5771.89,NaN,NaN,36048.451287640004,43779.81748515052
1509148800,5773.03,6316.85,5646.18,6119.99,NaN,NaN,31587.56671937,43883.64130461752
1509408000,6120,7354.1,6072.81,7030,NaN,NaN,52905.181861410005,44350.38850389202
1509667200,7030,7590,6925.22,7372.72,NaN,NaN,34418.22531304,42941.92731309802
1509926400,7373.3,7888,6922.07,7450.32,NaN,NaN,55637.11460356999,43577.65597907452
1510185600,7465.06,7490,6218,6355.13,NaN,NaN,56356.24437968001,44434.95635380152
1510444800,6355.13,6775.75,5555.55,6609,NaN,NaN,76588.25183618,41702.63301633152
1510704000,6609,7997,6609,7674.99,NaN,NaN,53856.63726413,41788.66260525853
1510963200,7675,8269.99,7431.54,8226.17,NaN,NaN,23814.045376,40737.18990277003
1511222400,8226.14,8354.46,7770,7989,NaN,NaN,29576.885440050002,40634.14173373753
1511481600,7988.96,9366.6,7876,9271.06,NaN,NaN,32922.87112288,40276.77305734303
1511740800,9278.99,11395,9250,9824.68,NaN,NaN,57919.722433359995,41707.02705237003
1512000000,9833.7,11200,9000,10872,NaN,NaN,51408.65166681,42880.50180252453
1512259200,10875.68,11850,10513.16,11677,NaN,NaN,39735.04162668,43601.44102183603
1512518400,11676.99,16666.66,11659.8,15800,NaN,NaN,70754.77278676999,45756.48270681403
1512777600,15799.87,17270,12701.05,16470,NaN,NaN,51659.17912331,46266.984232774026
1513036800,16470,17428.42,15497.69,16404.99,NaN,NaN,44064.12224934,46081.12722774952
1513296000,16404.99,19666,16337.19,18953,NaN,NaN,38508.85810024,46149.934630271026
1513555200,18953,19220,15343.04,16466.98,NaN,NaN,67379.3079197,47499.583746173026
1513814400,16466.98,17281.17,11159.93,14619,NaN,NaN,99609.05490604999,50237.50930081053
1514073600,14619,16147.87,12488,15764.44,NaN,NaN,45134.293726970005,50691.80142277704
1514332800,15764.45,16480.52,13500,14340,NaN,NaN,45706.67519702,51397.75684665954
1514592000,14351,14463.28,12050,13880,NaN,NaN,33333.09309307,50419.15240824253
1514764800,13880,15500,12801.38,15155.62,NaN,NaN,36262.70118407,50511.37620179403
1515024000,15155.62,17234.99,14192.37,17149.67,NaN,NaN,40722.93275128,49765.66710917953
1515283200,17142.43,17149.97,13900,14403.51,NaN,NaN,39222.688479439996,48908.989314167535
1515542400,14403.51,14973.07,12800,13781.41,NaN,NaN,51532.71556167,47656.21250044204
1515801600,13829.28,14619.1,13072.22,13607.04,NaN,NaN,24522.25791643,46189.49353305703
1516060800,13581.66,13607.04,9222,11247.57,NaN,NaN,102341.09303274,50115.84591589404
1516320000,11290.9,13052.12,11025.18,11558.87,NaN,NaN,35119.35122779,50392.969205281035
1516579200,11558.87,11910.78,9927.54,11400.96,NaN,NaN,45963.92895275001,51045.02209677453
1516838400,11400.98,11741.82,10263.32,11446.54,NaN,NaN,35593.51065521,49928.71150786704
1517097600,11446.54,11989.15,9731.2,9971,NaN,NaN,41034.17519233,49409.98768414304
1517356800,9971,10324,7625.25,8838.83,NaN,1,83506.11813921,51598.541509769544
1517616000,8838.29,9491.2,6600,6874.27,NaN,NaN,81863.39265908001,52153.97250338504
1517875200,6878.65,8649,5920.72,8259.76,NaN,NaN,126348.65337692,55888.44621606554
1518134400,8259.42,9090.8,7753.32,8067,NaN,NaN,45800.461638149995,55975.263185506046
1518393600,8077.25,9515,8067,9490.98,NaN,NaN,43868.86108727,56243.263334857555
1518652800,9490.98,11135.83,9350,11101,NaN,NaN,47389.58970886999,55243.77742431606
1518912000,11101,11780,10153.15,11233.41,NaN,NaN,45202.24469726,52523.43691387656
1519171200,11233.42,11275.74,9600,10166.1,NaN,NaN,56034.448810940004,53068.444668075055
1519430400,10135.2,10540.63,9260,10324.7,NaN,NaN,41166.69673238,52841.44574484306
1519689600,10329.99,11090,10150,10903.13,NaN,NaN,30380.89414202,52693.835797290565
1519948800,10917.37,11511,10774.01,11463.27,NaN,NaN,22945.93257893,52027.99736703356
1520208000,11479.68,11688,9450,9913.03,NaN,NaN,50784.60757452,52531.081108195554
1520467200,9904.52,10150,8366,8791.47,NaN,NaN,64423.18289371,53791.10582890905
1520726400,8795.04,9892,8450,9142.32,NaN,NaN,51160.03830155,53772.47196590305
1520985600,9152.07,9356.14,7682,8258.54,NaN,NaN,56077.25745611,55350.22194288706
1521244800,8258.54,8718.74,7325.37,8596.93,NaN,NaN,50992.118397340004,52782.773211117055
1521504000,8596.79,9188.1,8313.01,8704.67,NaN,NaN,38143.453316009996,52933.97831552806
1521763200,8708.52,9020,8265,8453.9,NaN,NaN,32637.67937716,52267.665836748565
1522022400,8451.12,8500,7723.03,7932.41,NaN,NaN,38516.31030323,52413.805819149566
1522281600,7932.41,7968,6550,6928.62,NaN,NaN,62819.15921652,53503.05502035907
1522540800,6926.5,7506.84,6427.16,7416.27,NaN,NaN,47760.64285864,51715.78125633056
1522800000,7415.53,7430,6510,6618.33,NaN,NaN,36152.15651365,49430.21944905907
1523059200,6627.7,7175.83,6600.99,6780.1,NaN,NaN,22139.65581077,44219.76957075157
1523318400,6782.39,8069.34,6653.21,7923.78,NaN,NaN,31338.98374414,43496.695676051066
1523577600,7923.78,8417,7753.32,8354.22,NaN,NaN,36084.31428118,43107.46833574657
1523836800,8353.43,8424.99,7806.81,8172.84,NaN,NaN,29370.95877095,42206.53678885057
1524096000,8172.83,9023.4,8074.44,8920.71,NaN,NaN,40832.776926399994,41988.06340030757
1524355200,8924.93,9737.16,8760,9648,NaN,NaN,40093.07845719,41190.99488262007
1524614400,9648.36,9755.53,8647.29,8921.43,NaN,NaN,64454.38812240001,42355.37945212107
1524873600,8916.54,9538.75,8854.47,9242.17,NaN,NaN,34584.80862712,42565.57517637607
1525132800,9243.51,9799.99,8815.91,9732.43,NaN,NaN,34384.23851705,43137.49047328207
1525392000,9737,9948.98,9375,9623.54,NaN,NaN,22884.73395123,41742.49679211756
1525651200,9621.99,9634.5,8974.62,9308.49,NaN,NaN,36403.4934552,40341.512320192065
1525910400,9308.49,9393,8208.81,8481.6,NaN,NaN,47613.83351864,40164.20208104657
1526169600,8481.72,8900.9,8286.57,8474.99,NaN,NaN,41078.39788969,39414.25910272557
1526428800,8481.99,8505.33,7929.53,8248.87,NaN,NaN,28145.45162774,38271.92576424558
1526688000,8248.99,8590,8141.08,8391.76,NaN,NaN,15226.04571964,37126.055384427076
1526947200,8403.23,8417.65,7267.24,7586.88,NaN,NaN,38383.51600906,37413.34721602207
1527206400,7579.3,7661.07,7213.09,7347.39,NaN,NaN,17276.67876865,36351.36563929308
1527465600,7348.64,7559,7026.9,7375.73,NaN,NaN,26572.21912722,34539.01863482808
1527724800,7375.64,7700,7330.22,7642,NaN,NaN,18113.80359722,33056.67667175707
1527984000,7642,7790.69,7360,7617.98,NaN,NaN,21688.16589055,32333.477140602074
1528243200,7617.98,7750,7482.61,7618.11,NaN,NaN,19279.62335075,32190.475517601073
1528502400,7618.11,7686.45,6627.7,6880.61,NaN,NaN,28516.00068344,32049.32636456607
1528761600,6880.76,6880.76,6120,6646.1,NaN,NaN,42197.56618496,32354.98895975507
1529020800,6638.8,6666.66,6333.63,6453.41,NaN,NaN,13514.65654587,31562.17384850107
1529280000,6451.03,6841.81,6381.25,6756.58,NaN,NaN,16577.6230397,30349.416154166065
1529539200,6756.6,6792.2,5940,6177.38,NaN,NaN,27967.33995502,29743.12922905757
1529798400,6169.91,6365.34,5780,6068,NaN,NaN,28864.33517149,27963.626581512064
1530057600,6073.99,6299,5774.72,6204.24,NaN,NaN,28386.59818516,27653.716059414066
1530316800,6204.01,6667.57,6190.28,6612.98,NaN,NaN,19873.23495078,26928.165881100565
1530576000,6605.46,6792.28,6413.2,6533.69,NaN,NaN,20317.12196077,26799.785281577566
1530835200,6533.69,6820,6449.76,6706.6,NaN,NaN,15446.03464703,25751.91234116907
1531094400,6706.6,6814.72,6270.84,6380,NaN,NaN,22698.37380961,24506.13935571757
1531353600,6379.13,6380,6072,6243.98,NaN,NaN,16278.496534639999,23266.144287965068
1531612800,6245.99,7468.31,6227.76,7310.71,NaN,NaN,25658.02727549,23141.773070352567
1531872000,7310.71,7696.88,7239.15,7330.84,NaN,NaN,31530.300905640004,23956.98582965257
1532131200,7330.84,7800,7212,7719.62,NaN,NaN,21730.24220664,23124.32213953157
1532390400,7712.46,8496.96,7691.14,7926,NaN,NaN,37147.351803,24117.855791249072
1532649600,7926,8299.99,7798.48,8216.74,NaN,NaN,15447.725776259998,23561.631123701074
1532908800,8216.74,8295,7440,7602.01,NaN,NaN,35186.7466572,24415.27827670007
1533168000,7600.22,7709.98,6926,7009.99,NaN,NaN,21679.76683144,24414.85832374457
1533427200,7009.94,7157.93,6671,6717.68,NaN,NaN,23396.1710729,24620.68570985207
1533686400,6717.67,6717.68,5995.75,6139.99,NaN,NaN,38249.457596730004,25107.35855551657
1533945600,6139.99,6544.37,6000,6252.63,NaN,NaN,22884.94911618,24141.72770207757
1534204800,6252.63,6628.5,5880,6313.51,NaN,NaN,33835.64469359,25157.77710946357
1534464000,6314.08,6615,6290.64,6481.99,NaN,NaN,13271.095229539998,24992.45071895557
1534723200,6481.63,6906.81,6223.9,6355.76,NaN,NaN,23865.51322865,24787.35938263707
1534982400,6355.97,6800,6344.8,6732.4,NaN,NaN,15383.62573432,24113.323910778574
1535241600,6732.99,7125.28,6558.95,7080.94,NaN,NaN,17561.656150310002,23572.076809036073
1535500800,7079.46,7124.06,6792.85,7017.35,NaN,NaN,18396.62140507,23498.246131750573
1535760000,7015.78,7340.08,7015.22,7258.99,NaN,NaN,10718.02089923,23018.291078673574
1536019200,7261.29,7411.85,6253.29,6493.09,NaN,NaN,31613.9684609,23826.687769367076
1536278400,6488.01,6525,6094.38,6236.04,NaN,NaN,14930.47610947,23438.292884360075
1536537600,6238.99,6405,6162.06,6322.45,NaN,NaN,16730.66301077,23460.901208166575
1536796800,6326.83,6587,6324.37,6520.15,NaN,NaN,12912.188020849999,22823.609245434574
1537056000,6521.49,6530.24,6200,6332.34,NaN,NaN,9681.98893321,21731.193646813073
1537315200,6330,6775.34,6100,6749.45,NaN,NaN,20979.71435714,21693.667254338074
1537574400,6748.85,6826.28,6550.96,6581.52,NaN,NaN,12771.34005317,20474.86666684657
1537833600,6578.7,6736.85,6324.96,6681.62,NaN,NaN,18167.395858620002,20610.85017096457
1538092800,6684.5,6792.28,6454,6597.81,NaN,NaN,13506.76036153,19526.85085618107
1538352000,6597.79,6638.15,6396.34,6456.77,NaN,NaN,13644.043694840002,19125.06469935107
1538611200,6454.81,6641.35,6450.58,6544.08,NaN,NaN,9662.75053005,18438.39367220857
1538870400,6547.93,6656.63,6493.92,6588.8,NaN,NaN,8789.65110979,16965.403347861575
1539129600,6588.72,6589.79,6055.28,6185.15,NaN,NaN,18039.687900269997,16723.140287066075
1539388800,6182.03,6756,6143.08,6441.74,NaN,NaN,21375.67431066,16100.141767919573
1539648000,6438.2,6493.77,6350,6396.18,NaN,NaN,11487.52656578,16010.963334731572
1539907200,6394.23,6470,6355.99,6413.38,NaN,NaN,5093.04902468,15072.34012453307
1540166400,6412.62,6473,6354.26,6411.96,NaN,NaN,8793.87911663,14742.852793648568
1540425600,6411.96,6450.3,6361.73,6407.66,NaN,NaN,7260.55728071,14227.797850168568
1540684800,6407.66,6420,6208.37,6269.46,NaN,NaN,8553.69710908,13735.651635369068
1540944000,6269.45,6381.25,6199.25,6350.43,NaN,NaN,10017.12258135,13700.606719475069
1541203200,6350.05,6475,6310.57,6403.2,NaN,NaN,6093.44118827,12424.580355843567
1541462400,6404.97,6544,6378.24,6405.49,NaN,NaN,13036.143679330002,12329.863734336566
1541721600,6405.49,6418.18,6269.46,6357.54,NaN,NaN,6459.7914316999995,11816.320155383068
1541980800,6352.57,6388.21,5324,5595.91,NaN,NaN,32278.53476719,12784.637492700067
1542240000,5592.23,5641,5199.8,5503.36,NaN,NaN,30753.305486120003,13838.203320345568
1542499200,5503.36,5658.47,4048.58,4352,NaN,NaN,71262.47029269,16352.341117123065
1542758400,4349.41,4635,4061.02,4288.26,NaN,NaN,44259.48910311,17926.748569620067
1543017600,4288.25,4376.88,3474.73,3727.34,NaN,NaN,65564.57474795001,20296.607514086565
1543276800,3727.34,4409.77,3548.76,4249.8,NaN,NaN,55741.729080310004,22408.35595002557
1543536000,4250,4300,3861,4102.05,NaN,NaN,27796.01604359,23115.954567463068
1543795200,4099.63,4115.15,3662.35,3696.69,NaN,NaN,36419.74129803,24453.804105862066
1544054400,3694.03,3844.79,3210,3398.8,NaN,NaN,52170.54787141,26622.84894394307
1544313600,3398.8,3633.2,3292.65,3353.42,NaN,NaN,27338.002430599998,27087.76467045957
1544572800,3345.01,3490,3135.55,3195.75,NaN,NaN,33436.628131720005,27690.812361512573
1544832000,3194.04,3590,3122.28,3496.73,NaN,NaN,28238.170127769998,28528.344539612073
1545091200,3499.37,4172.07,3422.77,4073.77,NaN,NaN,60904.83156734,31318.933666745066
1545350400,4073.58,4162,3770,3943.83,NaN,NaN,29274.72537435,32342.97597963107
1545609600,3947.82,4236.84,3674.73,3810.01,NaN,NaN,33883.53437281,33674.12483423607
1545868800,3810.01,3970,3566,3725.48,NaN,NaN,31807.113120590002,34836.79563481157
1546128000,3728.96,3870,3630,3693.3,NaN,NaN,12403.61744561,34956.12037802457
1546300800,3693.85,3918.67,3629.66,3787.81,NaN,NaN,15487.22490102,35425.809563662064
1546560000,3785.64,4090,3732.38,4040.71,NaN,NaN,16509.14912202,35599.459835796566
1546819200,4040.71,4112,3934.73,4002.13,NaN,NaN,26655.216765949997,36609.23110250906
1547078400,4003.09,4036.22,3503.44,3617.13,NaN,NaN,29873.85471925,36488.997100112065
1547337600,3617.75,3714,3476,3576.93,NaN,NaN,23894.33090389,36146.04837100056
1547596800,3576.92,3669,3534.25,3609.21,NaN,NaN,20198.10188422,33592.82995057706
1547856000,3609.29,3774,3470,3531.51,NaN,NaN,15493.799129719999,32154.545451907557
1548115200,3531.51,3620.23,3401.36,3570.73,NaN,NaN,17535.92098575,29753.112763797562
1548374400,3570.67,3657.89,3456,3533.23,NaN,NaN,11512.33864324,27541.643241944064
1548633600,3532.23,3536.77,3322.19,3437.35,NaN,NaN,23333.51117492,27318.517998510564
1548892800,3438,3485,3364.53,3462.82,NaN,NaN,15663.62430243,26280.712148730563
1549152000,3470.5,3476.33,3384.67,3431.39,NaN,NaN,10103.60250504,24177.36488041206
1549411200,3431.81,3711.04,3328.7,3622.94,NaN,NaN,24819.60975451,24051.44524660756
1549670400,3626.12,3662.43,3576.16,3588.7,NaN,NaN,16141.41917375,23186.68479870906
1549929600,3588.99,3629.81,3531.01,3560.46,NaN,NaN,23977.633791250002,22973.657981883058
1550188800,3560.45,3663.34,3544.88,3625.6,NaN,NaN,14673.706946819999,20662.10175085706
1550448000,3625.6,4000,3614.82,3936.53,NaN,NaN,37944.50430295,21095.59069728706
1550707200,3936.8,4157.87,3866.25,4113.53,NaN,NaN,22615.97607304,20532.21278229856
1550966400,4113.56,4190,3714.42,3795.06,NaN,NaN,29115.54077488,20397.63416501306
1551225600,3794.42,3897.62,3658.19,3807.05,NaN,NaN,19111.5902754,20733.03280650256
1551484800,3805,3822.39,3670,3698.66,NaN,NaN,13061.54924396,20611.74902364956
1551744000,3698.65,3895.12,3690,3856.64,NaN,NaN,21648.00730415,20868.691932756064
1552003200,3856.78,3950.25,3760.1,3897.92,NaN,NaN,15833.90169287,20327.626179102062
1552262400,3898.14,3912.89,3791.07,3848.48,NaN,NaN,16682.26989578,19668.046937928564
1552521600,3848.1,4040,3775.01,3990,NaN,NaN,18539.027386989997,19400.281762083563
1552780800,3990,4016.63,3927.28,3998.13,NaN,NaN,13449.63110121,19062.858222933068
1553040000,3999.5,4055.35,3919.63,3982.07,NaN,NaN,17260.08252697,19151.172392795568
1553299200,3980.4,4001.17,3850.45,3910.51,NaN,NaN,11376.997232720001,18843.22620514407
1553558400,3910,4037.11,3879.5,4012.23,NaN,NaN,16394.826747529998,19087.35061035857
1553817600,4011,4130.36,4005,4096.08,NaN,NaN,14716.75164557,18656.51263389107
1554076800,4092.02,5345,4052.56,4978.23,NaN,NaN,67240.43351048,21235.35309429357
1554336000,4972.83,5240,4778.59,5041.39,NaN,NaN,38971.706452469996,22678.758291665064
1554595200,5041.92,5347.37,5028.3,5192.6,NaN,NaN,33627.85437136,23119.170522507564
1554854400,5184.03,5466.06,4912,5076.35,NaN,NaN,33833.92928713,24003.796028176566
1555113600,5075.74,5192.01,4948.57,5027.31,NaN,NaN,15386.898071450001,23574.259242186567
1555372800,5027.33,5325,5014.77,5281.58,NaN,NaN,20792.37701715,23880.192745703065
1555632000,5283,5362.97,5180.37,5295.65,NaN,NaN,13582.21515877,22662.078288494064
1555891200,5295.96,5627,5249,5440.95,NaN,NaN,27780.5526706,22920.307118372068
1556150400,5440.95,5510,4991.42,5168.91,NaN,NaN,28968.37124135,22912.94864169557
1556409600,5171.51,5287.4,5071.58,5269,NaN,NaN,14766.142329209999,22695.676244386068
1556668800,5267.86,5796.56,5263.03,5658.22,NaN,NaN,22818.39512935,23183.518538655568
1556928000,5659.82,5846.13,5510,5685.46,NaN,NaN,20514.99841276,23126.868094086065
1557187200,5686.88,6172,5658.66,6156.7,NaN,NaN,26143.216184160003,23642.333818650564
1557446400,6151.66,7585,6105,6974.35,NaN,NaN,63551.36328360999,25985.788488042064
1557705600,6968.84,8335.56,6863.75,8208.69,NaN,NaN,62793.85713338,28198.52997536156
1557964800,8203.97,8390.95,6178,7260.12,NaN,NaN,51951.18314917,30123.60757775956
1558224000,7257.82,8299.99,7247.86,7955.16,NaN,NaN,36540.610637440004,31087.633983283064
1558483200,7949.18,8188.87,7468.31,7999.02,NaN,NaN,26126.15010226,31825.091626760062
1558742400,7999.02,8939.18,7888.91,8770.73,1,NaN,20836.48956947,32047.17476785706
1559001600,8774.45,9096.79,8000,8277.76,NaN,NaN,28980.13263933,32760.34381754506
1559260800,8277.76,8833.97,8109.74,8734.49,NaN,NaN,19386.89566018,30367.666925030062
1559520000,8735.84,8745.96,7432.84,7785.94,NaN,NaN,34628.0298161,30150.483093211562
1559779200,7784.62,8134.99,7449.68,7932.27,NaN,NaN,22620.366647439998,29600.10870701556
1560038400,7933.17,8090,7511.41,7919.1,NaN,NaN,16599.13044064,28738.368764691062
1560297600,7915.7,8737.37,7821.73,8697.54,NaN,NaN,24493.21319412,29193.68452082456
1560556800,8694.74,9477.7,8623.52,9333.48,NaN,NaN,33055.56712269,29806.84402610156
1560816000,9333.48,9600,8918,9534.99,NaN,NaN,23885.029625410003,30321.984749433563
1561075200,9534.99,11247.62,9534.97,10831.95,NaN,NaN,33533.04576806,30609.60940430656
1561334400,10827.23,13880,10551.51,12920.54,NaN,NaN,57867.827060129996,32054.582195245563
1561593600,12927.44,13355.61,10300,11858.62,NaN,NaN,67091.05950147001,34670.82805385856
1561852800,11867.35,12200.06,9614.08,10828.9,NaN,NaN,55845.30137976,36322.173366379066
1562112000,10830.1,12061.04,10769.15,10997.84,NaN,NaN,42468.58691113,37419.85279129756
1562371200,10996.82,12398,10982.89,12286.14,NaN,NaN,26477.13502989,37436.548733584066
1562630400,12299.94,13200,10966.81,11349.24,NaN,NaN,53422.6283333,36930.111986068565
1562889600,11352.74,11942.39,10090,10191.87,NaN,NaN,30738.44108191,35327.34118349507
1563148800,10191.87,11080.37,9049.54,9699.35,NaN,NaN,53801.839923390005,35419.874022206066
1563408000,9712.15,11120,9280.33,10750.11,NaN,NaN,42041.67252585,35694.92711662657
1563667200,10757.15,10839.09,9801.88,9847.02,NaN,NaN,24040.31703516,35590.63546327157
1563926400,9841.42,10187,9514.96,9846.94,NaN,NaN,21381.41186548,35617.88157807207
1564185600,9846.94,10235,9111,9495.39,NaN,NaN,18543.59120139,35096.05450617507
1564444800,9508.21,10499,9373.48,10407.71,NaN,NaN,21132.503485189998,35183.334897425564
1564704000,10416.79,11085.99,10318.47,10986.96,NaN,NaN,23835.80249726,34643.72353148357
1564963200,10986.55,12325,10986.55,11971.57,NaN,NaN,49161.39017935,35970.77470807907
1565222400,11973.46,12061.1,11200,11273.2,NaN,NaN,24928.62529913,36387.24945100357
1565481600,11273.03,11589.73,10738.58,10862.28,NaN,NaN,16782.2789348,36001.702738037566
1565740800,10862.25,10862.25,9467.57,10354.34,NaN,NaN,38842.51411933,36291.05008786956
1566000000,10351.18,10940,9974.51,10927.3,NaN,NaN,15349.96961348,35864.297087273066
1566259200,10927.3,10955.48,9755.53,10112.01,NaN,NaN,22406.52831192,35307.971214466066
1566518400,10112.45,10479,9885.48,10136.75,NaN,NaN,14617.24346146,33145.44203453256
1566777600,10136.75,10650,9555,9711.78,NaN,NaN,21251.16628171,30853.447373544564
1567036800,9720.2,9720.2,9320,9594.15,NaN,1,14606.57150287,28791.51087970006
1567296000,9593.5,10783,9538.75,10617.61,NaN,NaN,19387.70453363,27637.466760825064
1567555200,10617.72,10949,10204.18,10311.09,NaN,NaN,25345.85820861,27580.90291976106
1567814400,10309.04,10594.88,10060,10307.45,NaN,NaN,12339.13273248,25526.72813972006
1568073600,10317.62,10465,9855.11,10420.34,NaN,NaN,13992.316590409999,24689.42191514506
1568332800,10423.99,10458.13,10153.87,10305.74,NaN,NaN,8709.29472171,22434.794655061058
1568592000,10320.36,10378.07,10060.95,10152.09,NaN,NaN,14526.64298551,21059.043178044056
1568851200,10161.59,10380.07,9600,9985.28,NaN,NaN,16068.193247310002,20660.436988651556
1569110400,9973,10093.24,7998,8536.82,NaN,NaN,36816.29692257,21432.181241506052
1569369600,8536.71,8746.83,7733.99,8187.72,NaN,NaN,44258.07222826999,22717.905292850053
1569628800,8199.96,8368.5,7714.7,8298.45,NaN,NaN,21201.052364410003,22721.332736811055
1569888000,8304.47,8531.25,8029.14,8239.92,NaN,NaN,23878.2464938,22723.454936638056
1570147200,8243.39,8244.93,7772.71,7854.12,NaN,NaN,17178.42121385,21124.306488363058
1570406400,7863.75,8707.8,7763.54,8586.34,NaN,NaN,24575.24490401,21106.637468607056
1570665600,8586.57,8820,8222.88,8303.43,NaN,NaN,17088.85230232,21121.966136983057
1570924800,8303.43,8474.48,8086,8155.13,NaN,NaN,13784.552482260002,19869.06805512956
1571184000,8162.45,8179.1,7811.62,7955.08,NaN,NaN,19651.37964589,20084.13855675006
1571443200,7950.48,8352,7874.68,8213.65,NaN,NaN,14739.7844511,19700.801363709055
1571702400,8206.53,8314.77,7293.55,7435,NaN,NaN,23982.42509671,20169.060445471558
1571961600,7427,10350,7393.14,9557.08,NaN,NaN,75648.62090692,22888.93317673206
1572220800,9547.32,9950,8985.25,9159.94,NaN,NaN,32596.06822468,23788.408012822558
1572480000,9169.55,9438.61,8961.53,9304.75,NaN,NaN,19454.848756630003,23791.76522397256
1572739200,9304.75,9586.5,9067,9320.14,NaN,NaN,12481.239638359999,23148.53429546006
1572998400,9319.1,9448.19,8661,8767.37,NaN,NaN,18345.95804397,23448.87556103456
1573257600,8760.38,9142.33,8593,8720.36,NaN,NaN,11327.771231319999,23315.64829308006
1573516800,8720.36,8872.47,8549,8636.9,NaN,NaN,11320.47675441,23446.20739471506
1573776000,8632.07,8799.03,8363,8499.31,NaN,NaN,8468.28250589,23143.289370734063
1574035200,8499.53,8508.4,7989.15,8088.44,NaN,NaN,12234.05645883,22951.58253131006
1574294400,8085.54,8116.92,6785,7320.39,NaN,NaN,35045.61826424,22863.04859839356
1574553600,7330.98,7380,6515,7159.22,NaN,NaN,32407.46864149,22270.518419054562
1574812800,7168.74,7870.35,6847.72,7753.69,NaN,NaN,29741.448434050002,22697.53822253656
1575072000,7753.69,7815,7140.08,7309.64,NaN,NaN,15248.54658378,22266.053227035558
1575331200,7317.94,7772.71,7087.09,7390.42,NaN,NaN,14931.350622000002,22153.69969744306
1575590400,7397.35,7638.88,7305.56,7524.26,NaN,NaN,8000.58429488,21324.96666698656
1575849600,7516.8,7666,7122.28,7207.42,NaN,NaN,14092.772685150001,21175.162686128057
1576108800,7208.95,7302.35,7007.48,7059.03,NaN,NaN,9567.316395119999,20964.300881771058
1576368000,7066.35,7225.23,6550,6612.3,NaN,NaN,14878.657592759999,20725.66477911456
1576627200,6619.53,7449.68,6425,7194.11,NaN,NaN,22011.85466001,21089.26828956006
1576886400,7194.13,7692.98,7109.73,7316.17,NaN,NaN,12196.07543635,20499.95080654206
1577145600,7317.47,7432,7110.73,7188.3,NaN,NaN,8815.86446793,17158.31298459256
1577404800,7195.17,7524.46,7052,7385.54,NaN,NaN,8188.12493439,15937.915820078062
1577664000,7372.79,7384.9,7112.55,7168.36,NaN,NaN,6361.60465832,15283.253615162563
1577836800,7160.69,7402.31,6853.53,7338.91,NaN,NaN,13164.546734939999,15317.418969991564
1578096000,7332.58,7817,7256.03,7762.74,NaN,NaN,12692.29398729,15034.735767157565
1578355200,7768.17,8463.57,7697.03,7806.78,NaN,NaN,30028.79953408,15969.787182295568
1578614400,7812.7,8286,7667,8180.76,NaN,NaN,14844.40232416,16145.983460783065
1578873600,8180.75,8903.2,8039,8809.17,1,NaN,29627.75442962,17203.957056969564
1579132800,8810.62,9015.22,8573.91,8908.53,NaN,NaN,19754.42666899,17579.975567477562
1579392000,8901.02,9188.1,8461.38,8717.89,NaN,NaN,16600.33733924,16657.711521227564
1579651200,8728.47,8792.98,8212.9,8422.13,NaN,NaN,18185.253144169998,15946.600746361564
1579910400,8435.83,9004.35,8252.72,8894.54,NaN,NaN,18773.15047055,15398.185848186564
1580169600,8894.57,9570,8876,9500,NaN,NaN,23992.63408012,15835.390223003564
1580428800,9510.84,9529.35,9135,9329.39,NaN,NaN,9694.41635796,15573.543509801564
1580688000,9309.69,9775,9075,9618.42,NaN,NaN,17689.31404122,16057.979997118566
1580947200,9617.84,9948.97,9521,9902,NaN,NaN,14836.71518895,16095.177122308567
1581206400,9907.7,10383.9,9706.94,10268.98,NaN,NaN,20518.602131059997,16642.741409105565
1581465600,10270.98,10500.5,10068,10364.04,NaN,NaN,22091.238201189997,17003.37043952707
1581724800,10364.04,10408.04,9467.57,9697.15,NaN,NaN,15808.988020460001,16693.227107549566
1581984000,9725.57,10300,9312,9612.76,NaN,NaN,23299.66570163,17248.406620813566
1582243200,9610.4,10024.08,9562.6,9965.21,NaN,NaN,9697.258615339999,17292.476328184064
1582502400,9969.79,10027.66,8627.78,8779.36,NaN,NaN,23721.20860695,18069.130511812065
1582761600,8778.37,8974.75,8421.49,8527.74,NaN,1,18158.95274768,18658.997916280066
1583020800,8525,8980.34,8410,8755.45,NaN,NaN,14973.404914730001,18749.440825269565
1583280000,8755.45,9187.85,8663.76,9153.79,NaN,NaN,13938.34158995,18811.743205402563
1583539200,9154.1,9219.13,7636,7936.25,NaN,NaN,24051.876224289997,18512.897039913063
1583798400,7937.2,8158.42,4776.59,4841.67,NaN,NaN,74077.95439914,21474.574643662065
1584057600,4841.67,5990.35,3850,5343.64,NaN,NaN,86379.81334891001,24312.177589626568
1584316800,5353.04,5569.9,4435.89,5406.92,NaN,NaN,74982.53714721001,27073.583113537567
1584576000,5413,7139,5266.38,6187.78,NaN,NaN,66680.40010577,29577.586251864064
1584835200,6199.17,6893,5686.34,6768.64,NaN,NaN,49586.28315726,31147.637752518564
1585094400,6768.64,6989.04,6210,6376.03,NaN,NaN,34887.72670496,31953.366564239062
1585353600,6376.03,6630,5856,6407.77,NaN,NaN,35886.87719574,32548.07872002006
1585612800,6408.95,7236.39,6137.71,6801.99,NaN,NaN,34874.26693797,33807.07124902056
1585872000,6789.63,7047.96,6610,6775.2,NaN,NaN,20570.59895885,33951.13549490206
1586131200,6780.57,7469,6773.75,7367.36,NaN,NaN,34072.26265989,34912.912868449064
1586390400,7370.85,7376.59,6750.15,6883.18,NaN,NaN,22379.46339099,35005.95593144557
1586649600,6882.75,7201.76,6542.91,6879.75,NaN,NaN,25377.78038648,35170.28304071007
1586908800,6868.88,7224.18,6472.67,7024.19,NaN,NaN,32376.047067170002,35998.635993045566
1587168000,7020.13,7306.15,6757.75,6841,NaN,NaN,21129.70402962,35890.137909445075
1587427200,6833,7756.69,6774.48,7484.58,NaN,NaN,26623.91064892,36736.47051112408
1587686400,7494.2,7723.77,7391.57,7701.73,NaN,NaN,16405.47525524,36370.68384353857
1587945600,7708.87,8970,7637.03,8790.32,NaN,NaN,40523.07566417,37488.88998936307
1588204800,8789.79,9485.26,8407,8983.79,NaN,NaN,40961.70057676,38788.30477246457
1588464000,8982.56,9207.82,8528.42,9034.85,NaN,NaN,28829.38437013,39532.85691147357
1588723200,9040,10074,8921.03,9801.35,NaN,NaN,59327.32591993,41296.62939625557
1588982400,9809.04,9914,8109,8571.98,NaN,NaN,77383.2490308,41461.89412783857
1589241600,8574.19,9945.34,8534.97,9793.5,NaN,NaN,46709.29827793,39478.368374289574
1589500800,9809.91,9894.88,9112,9665.7,NaN,NaN,33010.02384052001,37379.74270895508
1589760000,9672.95,9966.12,9100,9514.41,NaN,NaN,36866.80491255,35889.06294929408
1590019200,9505.61,9573.29,8800,9183.46,NaN,NaN,27618.3916134,34790.66837210108
1590278400,9183.93,9310.91,8630,8840.91,NaN,NaN,23799.771853440005,34236.270629525075
1590537600,8835.79,9625.01,8810.99,9421.04,NaN,NaN,25617.85381413,33722.819460444574
1590796800,9428.52,10429.26,9326.28,10203.64,NaN,NaN,24588.98184262,33208.55520567707
1591056000,10203.64,10241.26,9135.68,9791.92,NaN,NaN,38592.65153847,34109.657834658065
1591315200,9791,9856.48,9356,9750.04,NaN,NaN,17967.291792390002,33304.40929128307
1591574400,9759.04,10011.4,9566.81,9894.32,NaN,NaN,19409.070282020002,33155.88963583457
1591833600,9894.32,9981.24,9078.91,9473.46,NaN,NaN,26262.262109590003,33200.11372199007
1592092800,9478.93,9596.31,8900,9530.3,NaN,NaN,22102.044618469998,32686.413599555068
1592352000,9530.62,9535.55,9415.87,9492.81,NaN,NaN,1833.22927607,31721.589861877565